day,n_criminals,n_crimes_that_day_proxy,A_mean,A_std,hotspot_index_std_over_mean,fraction_A_above_2Abar,fraction_B_above_2Bbar
1.0,161,0,0.20676915619114583,0.16511746546141423,0.7985594587849114,0.01715087890625,0.01849365234375
2.0,144,1,0.212397234041366,0.1736462467184359,0.8175541809768433,0.0386962890625,0.0440673828125
3.0,125,1,0.21733986620125434,0.199624096142019,0.9184881707673882,0.048828125,0.05987548828125
4.0,103,0,0.22359491560694417,0.2248330380788118,1.0055373462697341,0.0606689453125,0.0721435546875
5.0,91,0,0.22414787231349667,0.21326521434988405,0.9514487563442406,0.064453125,0.0789794921875
6.0,85,0,0.22473257682446812,0.21289449242949143,0.9473236832761319,0.07025146484375,0.0823974609375
7.0,83,0,0.2256451126597516,0.24066265569574558,1.0665538147889726,0.07049560546875,0.085205078125
8.0,76,0,0.22544298470959537,0.21565460635914113,0.9565815793156609,0.07598876953125,0.08984375
9.0,77,0,0.22363111716319253,0.21154349853616122,0.9459484047642149,0.0775146484375,0.09161376953125
10.0,81,0,0.22097232484421034,0.20038689618111652,0.9068415980254227,0.07989501953125,0.09393310546875
11.0,76,0,0.22145125917411476,0.21749087134814726,0.9821162099473381,0.0821533203125,0.0966796875
12.0,81,0,0.21855684509450973,0.206213623334254,0.9435239753990857,0.08416748046875,0.0965576171875
13.0,81,0,0.2192332680321601,0.2267398270932896,1.0342400545706794,0.0850830078125,0.10174560546875
14.0,74,0,0.21949859516436593,0.24450636140118925,1.1139313270688447,0.08880615234375,0.1051025390625
15.0,78,0,0.21408777726557934,0.19050177774444738,0.8898302377539603,0.0882568359375,0.1055908203125
16.0,79,0,0.21070284977659248,0.198790669914883,0.9434645526895344,0.08160400390625,0.10125732421875
17.0,82,1,0.20856114318712565,0.20665689191404432,0.9908695778898143,0.0767822265625,0.09429931640625
18.0,82,0,0.20651038511054326,0.2003965088304382,0.9703943398447862,0.07513427734375,0.09149169921875
19.0,85,0,0.2036225119040016,0.1948331112923014,0.9568348286762911,0.07281494140625,0.08538818359375
20.0,90,0,0.20325803182151417,0.2214344587824074,1.0894253811178018,0.0728759765625,0.08636474609375
21.0,82,0,0.20217723572795032,0.211746564028477,1.0473313836054379,0.07470703125,0.087646484375
22.0,71,0,0.2045518444988208,0.24588985391386328,1.2020906216530391,0.08050537109375,0.0943603515625
23.0,73,1,0.2044616940251528,0.24757250355398758,1.2108503000250566,0.08489990234375,0.098876953125
24.0,75,0,0.20271629562475674,0.22134451775290176,1.0918930669620526,0.08453369140625,0.1011962890625
25.0,71,0,0.20037690957432389,0.22273562296593818,1.1115832829197367,0.08697509765625,0.10137939453125
26.0,70,0,0.19984898237374604,0.21345447765966286,1.0680788819853613,0.0865478515625,0.101318359375
27.0,64,0,0.2007061663377681,0.23254890416146032,1.1586535102768298,0.0860595703125,0.10186767578125
28.0,70,1,0.1968784619967832,0.2094910965108787,1.0640630487772786,0.07958984375,0.09686279296875
29.0,92,0,0.19331318365646305,0.1992938052847558,1.0309374741813828,0.07745361328125,0.09271240234375
30.0,85,0,0.19494020518059763,0.23054226422686433,1.1826306636606032,0.0775146484375,0.09259033203125
31.0,90,0,0.19339564554127736,0.19767140207217349,1.0221088562719658,0.07794189453125,0.09197998046875
32.0,82,0,0.19699122712119066,0.2427899610464828,1.232491236257523,0.08197021484375,0.09564208984375
33.0,79,3,0.19902653714236268,0.257845757579529,1.2955345617810414,0.0869140625,0.10028076171875
34.0,79,0,0.19929538304883615,0.23616744553070604,1.1850121258094304,0.09124755859375,0.10498046875
35.0,78,0,0.20050718548523064,0.24102070284833385,1.2020551895188187,0.09381103515625,0.10894775390625
36.0,74,0,0.20073459761198195,0.27342915318624256,1.3621426323068557,0.0931396484375,0.10821533203125
37.0,81,1,0.20190043315669243,0.24885053719663544,1.2325408782234044,0.09271240234375,0.10968017578125
38.0,73,1,0.20625492051908723,0.27047983429634553,1.3113860925868908,0.09539794921875,0.112548828125
39.0,71,0,0.20628110617073295,0.24849306872645835,1.2046331985479455,0.09710693359375,0.1131591796875
40.0,76,0,0.20442195920939127,0.23957230020815723,1.1719499271737297,0.09716796875,0.1124267578125
41.0,65,0,0.20395947982110696,0.23610566840765285,1.1576106617586068,0.09393310546875,0.1109619140625
42.0,79,0,0.19991409861566306,0.21829708577964213,1.0919544308844398,0.0927734375,0.11083984375
43.0,81,0,0.19973057236940778,0.2393433853990138,1.1983312447347365,0.08746337890625,0.10546875
44.0,71,1,0.2018254333969906,0.24504556619103177,1.214146116604775,0.0875244140625,0.1053466796875
45.0,77,0,0.19983049601170647,0.22062963636103466,1.1040839149401387,0.0860595703125,0.102783203125
46.0,77,0,0.20329907360565005,0.26056289454504916,1.2816728080644222,0.08697509765625,0.101318359375
47.0,77,0,0.20555471935559577,0.2530122469089562,1.2308753975687714,0.09381103515625,0.10748291015625
48.0,72,0,0.2040204372320612,0.23274333248968535,1.1407844020300453,0.09869384765625,0.113525390625
49.0,88,0,0.20324009342054938,0.2230102016309197,1.097274646343827,0.09967041015625,0.114990234375
50.0,89,1,0.20489888289981267,0.2560569747182793,1.2496748205478547,0.10101318359375,0.11456298828125
51.0,83,0,0.20834369439181094,0.2516228084616084,1.2077294165111943,0.10906982421875,0.12359619140625
52.0,72,0,0.21127666729896763,0.2603073509565674,1.2320686154530198,0.11279296875,0.1292724609375
53.0,69,0,0.2127411192120105,0.26547186613691875,1.247863446052282,0.111328125,0.1278076171875
54.0,64,0,0.21239276385387285,0.25365090974582943,1.194254009144786,0.10906982421875,0.125732421875
55.0,54,0,0.21438184257606663,0.2732644451703572,1.2746622656412607,0.1104736328125,0.126708984375
56.0,63,0,0.21025401726924534,0.23193060648040895,1.1030971464550197,0.10906982421875,0.1240234375
57.0,62,1,0.20913484732509408,0.2468187744823478,1.1801896127749343,0.1051025390625,0.122314453125
58.0,70,0,0.20674691171608817,0.24419532918648876,1.1811316897532478,0.1025390625,0.12017822265625
59.0,70,0,0.20545183234064007,0.2335868787908213,1.136942299952493,0.1005859375,0.116943359375
60.0,87,0,0.2036072331374537,0.2311293520805487,1.1351725993178003,0.0982666015625,0.11529541015625
61.0,89,0,0.2022155377907145,0.22540369446756414,1.1146704992612808,0.09832763671875,0.11383056640625
62.0,89,0,0.20222409938525748,0.24903714481666997,1.2314909329487425,0.096923828125,0.1119384765625
63.0,87,0,0.20023034990670258,0.23374014487310485,1.1673562223809537,0.0955810546875,0.11016845703125
64.0,90,1,0.20137664002682443,0.23685063964807393,1.1761574709783824,0.09417724609375,0.11029052734375
65.0,83,1,0.2027497822075628,0.23884924731808743,1.1780493410028339,0.0972900390625,0.11376953125
66.0,90,0,0.20138638781101248,0.2313134038903247,1.1486049598714523,0.0968017578125,0.112060546875
67.0,75,0,0.20513071431217592,0.2757455683162033,1.3442432023931965,0.0994873046875,0.11376953125
68.0,77,0,0.20262528999494295,0.23870996243618897,1.1780857287959792,0.1007080078125,0.11553955078125
69.0,72,0,0.20153669639783045,0.2254153667745884,1.1184829899643776,0.103271484375,0.1177978515625
70.0,80,0,0.20027098501493382,0.23138501972148093,1.1553596728164441,0.10162353515625,0.11810302734375
71.0,80,0,0.2003997358218364,0.2428110379523197,1.2116335231508923,0.1021728515625,0.1165771484375
72.0,79,0,0.20157837644240925,0.2734221812837388,1.35640630760738,0.10186767578125,0.11737060546875
73.0,80,0,0.20061151800251165,0.2389040573370482,1.190879066744598,0.10498046875,0.1199951171875
74.0,74,0,0.2021036385678019,0.26291204653878475,1.3008773538264766,0.1036376953125,0.11846923828125
75.0,65,0,0.20440700078764878,0.2715262752845857,1.3283609379243562,0.10211181640625,0.118408203125
76.0,78,1,0.20066489202798973,0.2456139798029238,1.2240007572857554,0.099365234375,0.11505126953125
77.0,72,2,0.19975526203068558,0.25266377255779765,1.2648666672870148,0.0986328125,0.11260986328125
78.0,81,0,0.19728468437801688,0.23454431989797095,1.1888622811112945,0.098388671875,0.110595703125
79.0,83,0,0.19930203039073238,0.2625150419626808,1.3171719397339758,0.0986328125,0.11163330078125
80.0,76,0,0.20257589070391419,0.3292744410635941,1.625437459114338,0.09619140625,0.11181640625
81.0,62,0,0.20452219860512266,0.29069422373561815,1.4213333599883233,0.09527587890625,0.11053466796875
82.0,61,0,0.2037239090830404,0.2808582409406914,1.3786218917790847,0.097412109375,0.1129150390625
83.0,57,0,0.20367350452364005,0.2854462033872586,1.401489133576171,0.09979248046875,0.114990234375
84.0,75,0,0.20199688005963906,0.2779962320177055,1.3762402267580958,0.09906005859375,0.11334228515625
85.0,59,0,0.2027339069980878,0.28779593566820566,1.4195747516024548,0.098876953125,0.11328125
86.0,66,0,0.19940346291883815,0.25655239260191853,1.2865994845151778,0.09783935546875,0.1121826171875
87.0,65,0,0.1965540937976969,0.23465215423097438,1.1938299004470998,0.09747314453125,0.11138916015625
88.0,78,0,0.1969184343901224,0.2718024439387639,1.3802793262122226,0.09552001953125,0.10919189453125
89.0,81,0,0.19952535177380434,0.2735665932075076,1.3710868858291325,0.0972900390625,0.11065673828125
90.0,84,0,0.19902924183698517,0.26561520600758787,1.3345536744049897,0.0989990234375,0.11322021484375
91.0,71,0,0.20184245691511854,0.2715286992991549,1.345250664548449,0.10076904296875,0.114501953125
92.0,77,0,0.19993647203041764,0.2664767766581943,1.3328072359787035,0.0987548828125,0.112548828125
93.0,71,0,0.19951227691009638,0.2849548061136693,1.4282570001548065,0.09942626953125,0.11212158203125
94.0,65,0,0.20033792984120036,0.2722163624274168,1.3587859405515048,0.10137939453125,0.11376953125
95.0,59,2,0.20553840676579138,0.3340835222192176,1.6254067912470582,0.106201171875,0.1195068359375
96.0,58,1,0.20461900514207226,0.28598681727855735,1.3976552035329726,0.109375,0.1231689453125
97.0,70,0,0.2014993747186189,0.2755706896760022,1.3676007186663441,0.10601806640625,0.1197509765625
98.0,64,0,0.2022881819979887,0.27236822087513873,1.3464366439253816,0.1063232421875,0.1209716796875
99.0,63,0,0.20100387907487208,0.2639336895624855,1.3130775922198628,0.1068115234375,0.12042236328125
100.0,64,0,0.1997949125441954,0.28981742730230226,1.4505746097923966,0.10821533203125,0.1214599609375
101.0,69,0,0.19760125709413978,0.2587268582303599,1.309338118770667,0.10546875,0.11907958984375
102.0,78,0,0.19628112981766443,0.25113047028545193,1.2794427590606385,0.10406494140625,0.1185302734375
103.0,68,0,0.19964052005976024,0.2852727924612974,1.428932324840188,0.103759765625,0.117919921875
104.0,73,0,0.19911520507298025,0.26030112873393096,1.3072890572998916,0.1064453125,0.12054443359375
105.0,83,0,0.19831637942312105,0.26140853290355637,1.3181388933378217,0.1064453125,0.12109375
106.0,74,0,0.20151551134492685,0.28397227285136917,1.4091831986337968,0.1083984375,0.12237548828125
107.0,64,1,0.2022671653042524,0.28901861849060073,1.4288953822824177,0.10968017578125,0.1234130859375
108.0,55,0,0.20321150728961396,0.27377021360622866,1.3472180648512957,0.111572265625,0.1256103515625
109.0,60,1,0.20050012026911104,0.2555862295759354,1.2747435225120456,0.11114501953125,0.12591552734375
110.0,58,0,0.1989616969833613,0.2525986318387835,1.2695842248465932,0.10943603515625,0.1240234375
111.0,64,0,0.19753632664903023,0.2515151204827327,1.273260087141382,0.10888671875,0.124267578125
112.0,58,0,0.2004685175985633,0.2699079116561784,1.3463855317006281,0.1119384765625,0.12530517578125
113.0,59,0,0.20224645017005213,0.26926653324138866,1.331378291262887,0.1146240234375,0.12933349609375
114.0,70,0,0.19958106533540926,0.24384394824346248,1.221778969030286,0.1160888671875,0.13037109375
115.0,65,0,0.20074802042285741,0.26906073880528736,1.3402908693123619,0.112548828125,0.12799072265625
116.0,57,0,0.20248168032500607,0.279236552113991,1.379070697486235,0.11126708984375,0.1275634765625
117.0,52,0,0.19984786262928744,0.25914879877107416,1.2967303996229793,0.1102294921875,0.12530517578125
118.0,60,0,0.19704435868859566,0.23980868517987886,1.2170289308249973,0.10919189453125,0.12432861328125
119.0,67,0,0.19542524680562476,0.24516213508480364,1.2545059509565237,0.108642578125,0.12420654296875
120.0,72,0,0.1948815787241189,0.2474958785949026,1.2699808787225924,0.1077880859375,0.1234130859375
121.0,65,0,0.1957189856970993,0.2581758432737172,1.3191149665637345,0.10736083984375,0.12408447265625
122.0,63,0,0.19684658046893427,0.2674406010952907,1.3586245717765841,0.1048583984375,0.121337890625
123.0,67,0,0.19691779973839643,0.2531760515081268,1.2856940908565349,0.10589599609375,0.121337890625
124.0,67,0,0.19529184950574588,0.2371325132777948,1.2142468509461164,0.10919189453125,0.12335205078125
125.0,78,0,0.19310496774488461,0.22791244403156863,1.1802515838570709,0.110107421875,0.12603759765625
126.0,73,1,0.19669751650849002,0.2621487417814719,1.3327506439063599,0.1103515625,0.12744140625
127.0,81,0,0.1984155492854256,0.25466565706789474,1.2834964698333797,0.111572265625,0.12884521484375
128.0,67,0,0.20301289971269332,0.2751014496227008,1.3550934448600467,0.11370849609375,0.12982177734375
129.0,51,0,0.20562504524913358,0.270641571039513,1.3161897214982052,0.11700439453125,0.1341552734375
130.0,60,1,0.2031397135339509,0.26039983791023597,1.2818755790295782,0.116943359375,0.13372802734375
131.0,67,0,0.20078985763000604,0.2516520621367732,1.2533106258807682,0.115234375,0.1331787109375
132.0,60,0,0.20053612656566547,0.24225998543713134,1.2080615577154046,0.11260986328125,0.13140869140625
133.0,62,0,0.1983873088907253,0.24782957913216425,1.249220933122655,0.10986328125,0.12713623046875
134.0,69,1,0.19567881027264367,0.2368056474339021,1.2101752208323195,0.10406494140625,0.1219482421875
135.0,59,0,0.19816166137148328,0.26324276254958207,1.328424281102966,0.1021728515625,0.11944580078125
136.0,66,0,0.19580590112866866,0.2376774170721907,1.2138419511473624,0.1025390625,0.11993408203125
137.0,74,0,0.1949091588496926,0.23239324192316416,1.1923156576873744,0.1021728515625,0.11859130859375
138.0,71,1,0.195368097616764,0.23170516867015242,1.1859928591036781,0.103271484375,0.119873046875
139.0,75,0,0.1948716189410492,0.2631509174764982,1.3503809272303744,0.1016845703125,0.1187744140625
140.0,73,0,0.19503546988789772,0.24776770928097372,1.2703725605572431,0.09954833984375,0.11724853515625
141.0,69,0,0.19319970404881,0.23547625553409623,1.2188230654566918,0.09918212890625,0.114501953125
142.0,75,0,0.19251105495817616,0.2541058332010248,1.3199544995285095,0.09661865234375,0.1136474609375
143.0,78,0,0.19177066434471268,0.22442353266441228,1.170270403094632,0.09539794921875,0.11083984375
144.0,89,1,0.191165153078475,0.24421306739749377,1.2774978256483915,0.093994140625,0.11004638671875
145.0,94,0,0.19058043418156423,0.2413666099754385,1.266481583022792,0.0908203125,0.10662841796875
146.0,88,0,0.1902940225312555,0.23557367463202702,1.2379457404834375,0.0894775390625,0.1055908203125
147.0,78,0,0.19370468345124964,0.25331791366315376,1.3077531691530173,0.09356689453125,0.10736083984375
148.0,79,0,0.19425904981123,0.24425720826942754,1.2573787862484809,0.0992431640625,0.11187744140625
149.0,76,1,0.19376054156724956,0.24612837155871797,1.2702708692279991,0.10009765625,0.11376953125
150.0,72,0,0.19434003174930603,0.26054562941185444,1.3406688630572627,0.101318359375,0.1162109375
151.0,69,1,0.19289491877654905,0.24488562639122197,1.2695286529289005,0.0986328125,0.11474609375
152.0,72,0,0.192198828892754,0.24247114591535437,1.2615641172852936,0.096923828125,0.1119384765625
153.0,74,0,0.1935230317584866,0.25599853337789114,1.322832383575785,0.09979248046875,0.114990234375
154.0,69,0,0.19437845697313216,0.24364456202326162,1.2534545536439732,0.10382080078125,0.11865234375
155.0,72,2,0.19458119625544854,0.2564810836831108,1.3181185470069745,0.104736328125,0.1209716796875
156.0,75,1,0.19314965204082707,0.25832620077341295,1.3374406738191233,0.09979248046875,0.11724853515625
157.0,72,0,0.19339760964240849,0.2536264463794324,1.3114249284072683,0.09844970703125,0.11444091796875
158.0,67,2,0.19303353343089896,0.2600449564775364,1.3471491292502595,0.09625244140625,0.111572265625
159.0,66,0,0.19202877002474486,0.2542946114297085,1.3242526700397033,0.094482421875,0.10931396484375
160.0,83,0,0.19072025716192295,0.23625375158912867,1.2387449299030016,0.09771728515625,0.11175537109375
161.0,77,0,0.19249631118848048,0.2519683493580212,1.3089515731618846,0.09930419921875,0.114013671875
162.0,67,0,0.19515369938269744,0.2694115930549706,1.380509792574585,0.10125732421875,0.1160888671875
163.0,70,0,0.19725356148655948,0.264510958185039,1.3409692387382437,0.1025390625,0.1177978515625
164.0,60,1,0.19696088443429033,0.2663102497867341,1.3520971463528333,0.105712890625,0.12054443359375
165.0,75,0,0.19368221180720221,0.23232565380689726,1.1995198301337142,0.106689453125,0.1220703125
166.0,72,0,0.19325529532662056,0.24202392350844493,1.252353386226238,0.10693359375,0.12042236328125
167.0,77,0,0.1944694132338366,0.2452807934144737,1.2612821180240812,0.10711669921875,0.12286376953125
168.0,67,0,0.1949447893939023,0.238194503438501,1.2218562197997969,0.1058349609375,0.12139892578125
169.0,70,1,0.19714664154758374,0.2775128229202336,1.4076467179039036,0.10626220703125,0.1217041015625
170.0,64,0,0.19651879827693494,0.25949925104745825,1.3204805510858613,0.10595703125,0.12158203125
171.0,62,0,0.19720719924995372,0.2538859565845693,1.287407141068806,0.107421875,0.1219482421875
172.0,77,0,0.19461150126297366,0.2474444004754016,1.2714788122467446,0.106201171875,0.12139892578125
173.0,77,0,0.1966935968836794,0.25505584738655257,1.296716575564925,0.109130859375,0.12469482421875
174.0,68,1,0.19903015521342116,0.261363174116789,1.3131837928605732,0.11041259765625,0.12738037109375
175.0,65,0,0.20092593323305355,0.27308723940647955,1.3591438148988277,0.10931396484375,0.1258544921875
176.0,54,0,0.20398243859759627,0.28697944870901126,1.4068831154389045,0.1102294921875,0.128662109375
177.0,65,0,0.20289855660409123,0.2653485302202028,1.3077891467605067,0.11077880859375,0.12982177734375
178.0,71,0,0.200877853442594,0.2510852672669678,1.2499400156061595,0.11029052734375,0.12811279296875
179.0,74,0,0.19970720912473017,0.26756147841017447,1.3397687523792137,0.1075439453125,0.1248779296875
180.0,72,0,0.20023490410536485,0.26290721192222816,1.3129939212989796,0.1063232421875,0.12493896484375
181.0,70,0,0.2007873364061542,0.2709346343339571,1.3493611658153002,0.10601806640625,0.12286376953125
182.0,72,0,0.20321020604831957,0.26544670039380613,1.306266577627936,0.10723876953125,0.122802734375
183.0,67,0,0.20478963240889814,0.2740044862694774,1.3379802631921314,0.1092529296875,0.12457275390625
184.0,69,2,0.20433420208257777,0.27769706710445796,1.3590337020144674,0.1080322265625,0.12335205078125
185.0,61,0,0.2067918017074286,0.26883178015304493,1.3000117893135394,0.10986328125,0.124267578125
186.0,66,0,0.2032373398353146,0.2538919677947304,1.249238786536282,0.110595703125,0.1248779296875
187.0,63,0,0.20350728783315458,0.24979861403424686,1.227467658254304,0.11285400390625,0.1270751953125
188.0,62,2,0.20445600080847748,0.2691172828198855,1.3162601330150194,0.11468505859375,0.1290283203125
189.0,55,1,0.20233546536396443,0.25161595350182914,1.243558330464796,0.11328125,0.12835693359375
190.0,70,1,0.19904352553054877,0.23366439526094376,1.1739361762112752,0.108642578125,0.12548828125
191.0,81,0,0.20026011717139225,0.2460636133916426,1.2287200110896246,0.11114501953125,0.12579345703125
192.0,78,0,0.20394999484097626,0.26182143904226407,1.2837531045117765,0.1123046875,0.12908935546875
193.0,66,0,0.206783108253415,0.26908171409214515,1.3012751204144901,0.11767578125,0.13330078125
194.0,63,2,0.20687810877219942,0.28338323240885793,1.3698077292503719,0.1182861328125,0.13470458984375
195.0,64,1,0.20626128126710208,0.2809340352802747,1.362029914458224,0.116455078125,0.1336669921875
196.0,62,2,0.20405967226829158,0.2634892169858437,1.2912361078352412,0.11279296875,0.13043212890625
197.0,63,0,0.20332313211011444,0.25877335968129983,1.272719719570103,0.10980224609375,0.1268310546875
198.0,69,0,0.20287400859445853,0.24893353614872382,1.2270351331517162,0.109375,0.12689208984375
199.0,59,0,0.20617267540962816,0.27120327494993873,1.315418129056658,0.11114501953125,0.12744140625
200.0,59,4,0.20527768615886344,0.2702584316362065,1.3165504575448828,0.11419677734375,0.12957763671875
201.0,61,0,0.20606654720203604,0.2701260891177811,1.3108682257530062,0.113037109375,0.1300048828125
202.0,70,0,0.20257908507779054,0.25486246562228854,1.2580887386495063,0.10980224609375,0.1268310546875
203.0,75,0,0.20023058704918908,0.25325179772562156,1.264800755258272,0.106689453125,0.123291015625
204.0,73,0,0.20098218218681768,0.24928544259075494,1.2403360331665532,0.103271484375,0.12115478515625
205.0,70,0,0.19849346959394043,0.24721504947466041,1.2454568403705677,0.0985107421875,0.115966796875
206.0,71,1,0.19905793288781806,0.26262977508523727,1.3193635203337815,0.09857177734375,0.11553955078125
207.0,62,1,0.20194298049779041,0.283538381037571,1.404051680026944,0.100830078125,0.11572265625
208.0,63,0,0.2013307960192947,0.25599090276229386,1.2714940179234218,0.10382080078125,0.11871337890625
209.0,54,2,0.20370267687187804,0.2673436170734634,1.3124207358434141,0.10845947265625,0.12408447265625
210.0,53,1,0.20197689250241851,0.2544551390687679,1.2598230219118802,0.10882568359375,0.12371826171875
211.0,66,1,0.1987081738849034,0.2391452266547226,1.2034996949508545,0.107421875,0.12286376953125
212.0,70,1,0.19861275677263318,0.2475394842262804,1.246342320849296,0.1053466796875,0.12164306640625
213.0,64,1,0.19755281117433943,0.25339863853174294,1.2826880924924922,0.10345458984375,0.1192626953125
214.0,79,0,0.19526060961790725,0.24202995579923114,1.2395226885383783,0.09991455078125,0.11712646484375
215.0,73,0,0.19507724742968263,0.24248100012359455,1.2429999055169108,0.09979248046875,0.11627197265625
216.0,75,0,0.1941949310695869,0.23330809166778702,1.2014118513947436,0.10223388671875,0.11651611328125
217.0,73,0,0.1940911000986909,0.24891900297376043,1.2824854042621778,0.10443115234375,0.118896484375
218.0,75,0,0.19525859788884686,0.25304013071116677,1.2959231165595724,0.10687255859375,0.1214599609375
219.0,64,0,0.19737028631530362,0.26007930264373014,1.317722680040335,0.1077880859375,0.124755859375
220.0,71,0,0.19668505099994832,0.2441522969680567,1.2413363177668284,0.10638427734375,0.124267578125
221.0,59,0,0.20006010806465618,0.2673913715444557,1.3365551689997046,0.10736083984375,0.12213134765625
222.0,64,0,0.1962769437249493,0.2353576942048004,1.199110245646664,0.10711669921875,0.12286376953125
223.0,66,0,0.1966749969731516,0.25122518502419905,1.277362089185613,0.10546875,0.12200927734375
224.0,71,0,0.19544045631278936,0.24169850839205426,1.2366861649423904,0.10491943359375,0.12109375
225.0,61,0,0.19960498910168603,0.26663292480627787,1.3358029075638254,0.10845947265625,0.126220703125
226.0,67,0,0.19641665012637627,0.2407815336007079,1.225871296785618,0.1097412109375,0.1259765625
227.0,67,1,0.1935008152574886,0.2346101211091188,1.2124502979324747,0.1048583984375,0.12445068359375
228.0,71,0,0.19338814286883907,0.24049217099423642,1.2435724725757595,0.1014404296875,0.1212158203125
229.0,70,0,0.1920068534370005,0.24034940537417884,1.2517751375632018,0.099365234375,0.11627197265625
230.0,67,0,0.19137302432989123,0.235064549502964,1.2283055583516136,0.09716796875,0.1136474609375
231.0,70,1,0.19140067353834722,0.23637750965145227,1.2349878675013852,0.09857177734375,0.11419677734375
232.0,65,1,0.19150013650516198,0.2668079587156522,1.3932520549846201,0.094482421875,0.11181640625
233.0,76,2,0.19181994881848816,0.26596676900727995,1.3865438430439478,0.09197998046875,0.10760498046875
234.0,75,1,0.1921855706855298,0.27451472761842155,1.4283836535657801,0.09088134765625,0.10498046875
235.0,81,0,0.19352235988682426,0.26280227050714955,1.3579943457740056,0.09210205078125,0.1065673828125
236.0,67,0,0.19708210769071327,0.29059515313184253,1.4744877479587444,0.095703125,0.10980224609375
237.0,80,0,0.19509501422192693,0.25469408071622074,1.3054873889626821,0.09722900390625,0.11181640625
238.0,77,1,0.19658692033620606,0.2610257408823712,1.327787934395436,0.10003662109375,0.1124267578125
239.0,63,2,0.19794382901666985,0.257451584669562,1.3006295066055364,0.10418701171875,0.11700439453125
240.0,55,1,0.19788319622191305,0.2660426449135262,1.3444428329082414,0.1060791015625,0.1182861328125
241.0,72,0,0.19522457686230305,0.25050021688774937,1.2831387364943998,0.1033935546875,0.11639404296875
242.0,63,0,0.19760533195490068,0.2595111411114531,1.313280054460682,0.10546875,0.118896484375
243.0,67,0,0.1959317751819445,0.24641887561268105,1.2576769407813186,0.10601806640625,0.119384765625
244.0,63,0,0.1973182601149897,0.2614145057087325,1.324836867892459,0.10748291015625,0.1214599609375
245.0,52,0,0.1976503524370761,0.27141478212275777,1.3732066691313656,0.1090087890625,0.123046875
246.0,75,0,0.19232781890988873,0.23147751639139502,1.2035571229549953,0.10791015625,0.121826171875
247.0,74,2,0.1919746561832469,0.2389040291669138,1.2444560855932518,0.1065673828125,0.1231689453125
248.0,70,0,0.1920081117161521,0.24481760313740372,1.27503781454463,0.10546875,0.1207275390625
249.0,64,0,0.19259161747118758,0.2400707364772794,1.2465274430399074,0.1031494140625,0.1207275390625
250.0,79,0,0.19089545169410493,0.23736816528262156,1.2434458923777059,0.0997314453125,0.11444091796875
251.0,67,2,0.19495189956265677,0.2665675900176954,1.3673505650147393,0.1016845703125,0.1146240234375
252.0,69,0,0.19736037966889391,0.263589737653202,1.335575752820395,0.10797119140625,0.1212158203125
253.0,58,0,0.20036264030120562,0.3056612776151872,1.5255402761497148,0.111572265625,0.1260986328125
254.0,68,0,0.19979802709319747,0.25978588259681745,1.3002424817520253,0.11187744140625,0.12664794921875
255.0,75,0,0.19899691514016812,0.2626705905175381,1.3199731781395703,0.10992431640625,0.125
256.0,65,0,0.2025310801550376,0.2963542275181403,1.4632530833849355,0.1146240234375,0.12884521484375
257.0,66,1,0.20016613219691465,0.2572654257274898,1.2852595137043632,0.114990234375,0.12835693359375
258.0,59,1,0.20195476855865807,0.27378241971185546,1.3556620706004026,0.11395263671875,0.1280517578125
259.0,64,1,0.19997584766047652,0.24697985230460417,1.2350484080654185,0.11431884765625,0.130615234375
260.0,78,0,0.2002156641825623,0.26974472218012197,1.3472708205995367,0.113525390625,0.13018798828125
261.0,73,0,0.20501560183301926,0.27717156481885036,1.3519535212963965,0.11834716796875,0.13568115234375
262.0,75,0,0.20486870455707093,0.2570062150368265,1.2544923129790744,0.12115478515625,0.13641357421875
263.0,75,1,0.2041084808679372,0.26071155403304064,1.2773185755163545,0.120361328125,0.1376953125
264.0,65,0,0.20759175410043212,0.2697703236286706,1.299523311018205,0.12255859375,0.13934326171875
265.0,66,0,0.20829130238954438,0.2773973335207662,1.3317758847269598,0.1197509765625,0.13629150390625
266.0,60,2,0.20928481095868445,0.2766036339879679,1.3216612936261918,0.1209716796875,0.13848876953125
267.0,60,0,0.20721440576058064,0.2563172386700121,1.2369663090227703,0.12249755859375,0.13873291015625
268.0,59,1,0.20724585253011382,0.26782309545264726,1.292296526965389,0.12060546875,0.1385498046875
269.0,65,0,0.20596042789887065,0.260683661198993,1.2656978034974378,0.11810302734375,0.13525390625
270.0,59,0,0.20608229961441898,0.2618274000581376,1.2704992158376434,0.11932373046875,0.1348876953125
271.0,61,2,0.2052138650988336,0.26298567399674955,1.2815200077738038,0.116455078125,0.13238525390625
272.0,64,1,0.20403087904599523,0.25497411597213926,1.2496839555088117,0.11566162109375,0.13116455078125
273.0,65,0,0.2043254360797712,0.27144169466357326,1.328477256045591,0.11358642578125,0.1282958984375
274.0,59,0,0.20658992674527385,0.28906955331353884,1.3992432151348921,0.11541748046875,0.12957763671875
275.0,72,0,0.2043789932421144,0.2621263817485362,1.282550508691528,0.1143798828125,0.13055419921875
276.0,82,0,0.2032819225802274,0.2594234355209107,1.2761756295300997,0.114990234375,0.1302490234375
277.0,79,0,0.20720182334010992,0.28800755430147285,1.389985617205332,0.1143798828125,0.13079833984375
278.0,74,1,0.20753845506031632,0.26927915880119274,1.2974904276074182,0.11669921875,0.1314697265625
279.0,64,0,0.2082079103309089,0.2682670758173281,1.28845765461536,0.117431640625,0.13287353515625
280.0,80,0,0.20388154884625295,0.2454762741671161,1.2040141717396395,0.115478515625,0.13104248046875
281.0,75,1,0.20318333078904321,0.2580532466034723,1.2700512665155501,0.11334228515625,0.1282958984375
282.0,54,0,0.2057535602941292,0.2637191237971089,1.2817232587378642,0.1181640625,0.1331787109375
283.0,60,0,0.20186995364258517,0.2370662391956927,1.1743512836755452,0.1170654296875,0.13336181640625
284.0,82,0,0.19696105251274193,0.22824929878529596,1.1588549912451849,0.11395263671875,0.1322021484375
285.0,74,0,0.1972811722053219,0.23562089495625485,1.1943405055958942,0.1070556640625,0.126708984375
286.0,58,0,0.1985106635687418,0.24854043247907742,1.2520255990833002,0.1070556640625,0.1234130859375
287.0,60,1,0.19716472570567942,0.2516135719784055,1.2761591662902492,0.106689453125,0.1234130859375
288.0,62,1,0.1968135735492748,0.2453638145652148,1.2466813652148072,0.1060791015625,0.12176513671875
289.0,63,1,0.19551266396142158,0.24789454810793987,1.2679206711482087,0.1031494140625,0.11944580078125
290.0,68,0,0.19496001219850045,0.2491949286390166,1.2781848227691754,0.10174560546875,0.11785888671875
291.0,74,1,0.19305474376998866,0.24092077684530452,1.247940206702949,0.0992431640625,0.1153564453125
292.0,71,0,0.1946435161177639,0.25171353030196103,1.293202749942456,0.09649658203125,0.11297607421875
293.0,71,0,0.19445487385685536,0.24167442007577933,1.2428303558679832,0.0982666015625,0.11297607421875
294.0,71,1,0.1942860819639473,0.2533231336873788,1.303866602932405,0.09564208984375,0.1121826171875
295.0,81,1,0.19413232568636968,0.2517880129545327,1.29699168886128,0.095458984375,0.11175537109375
296.0,77,1,0.19534175058036918,0.2609039739496746,1.3356283189564804,0.10009765625,0.11578369140625
297.0,64,1,0.1958448559498558,0.25748333832139136,1.3147311787822373,0.1046142578125,0.1202392578125
298.0,68,0,0.1949279774854194,0.24234053625027177,1.2432311635121687,0.106201171875,0.12213134765625
299.0,69,0,0.1944320830513006,0.2541260833614962,1.3070172338504724,0.10064697265625,0.11614990234375
300.0,76,1,0.19299407709672184,0.26488061232043597,1.3724805253359518,0.09661865234375,0.11297607421875
301.0,67,0,0.1929317403988004,0.2753820143022604,1.4273546371013437,0.09710693359375,0.1112060546875
302.0,65,0,0.1915270240144442,0.2708984415134527,1.4144136729917687,0.093505859375,0.10882568359375
303.0,75,0,0.18892733915447835,0.2507264253973753,1.327105047472067,0.08984375,0.10406494140625
304.0,72,0,0.19189288943693256,0.2932451275959037,1.5281708897936082,0.08807373046875,0.102294921875
305.0,66,0,0.19225895956499878,0.2771041993642094,1.4413070786983333,0.08929443359375,0.10186767578125
306.0,69,0,0.1918393178169102,0.2609790064553437,1.3604041623230743,0.09375,0.10693359375
307.0,70,1,0.19387367188666113,0.28865694953038046,1.4888919507292862,0.09552001953125,0.1087646484375
308.0,59,0,0.1943995345672176,0.2652353079380557,1.3643824226664762,0.0977783203125,0.1107177734375
309.0,64,0,0.19254749072301514,0.24530454521491335,1.2739950247795786,0.0992431640625,0.11334228515625
310.0,71,0,0.19155995133172837,0.2524030763748127,1.3176192341880533,0.099853515625,0.113037109375
311.0,77,2,0.18900490078183274,0.251779108789347,1.3321300545533163,0.09814453125,0.11212158203125
312.0,78,0,0.18826463538980062,0.2644355879556828,1.404595119036407,0.0963134765625,0.11016845703125
313.0,76,0,0.18817248316627835,0.2579699260973773,1.3709226862326227,0.095458984375,0.1077880859375
314.0,85,1,0.1877904322366022,0.26054200434888614,1.3874083000172357,0.094970703125,0.10687255859375
315.0,89,0,0.1898129915551273,0.27376515958262543,1.4422888409253902,0.09326171875,0.10589599609375
316.0,74,0,0.19194525052586808,0.27422186368269685,1.4286462568436435,0.0960693359375,0.1083984375
317.0,71,0,0.1935807220783125,0.27234137645789647,1.4068620755930519,0.09820556640625,0.11163330078125
318.0,67,0,0.19385095819629497,0.27459604916201724,1.4165318124657356,0.099853515625,0.112548828125
319.0,78,1,0.19373449872124193,0.26604947520114847,1.3732684522231537,0.1038818359375,0.116455078125
320.0,81,0,0.19628283534290714,0.2788415225527626,1.4206108346948678,0.10736083984375,0.1207275390625
321.0,77,1,0.19962092024153777,0.2940599531182647,1.473091862127764,0.10980224609375,0.123046875
322.0,80,0,0.2010523948405003,0.28032256980743886,1.3942762036225707,0.1124267578125,0.12591552734375
323.0,69,0,0.2050766551443094,0.3089473614890887,1.5064969792475258,0.1171875,0.12921142578125
324.0,68,0,0.20792169339486963,0.3127893763190785,1.5043614315176428,0.1239013671875,0.1363525390625
325.0,69,1,0.21151930041285993,0.30801026824694405,1.4561804414336919,0.130615234375,0.14459228515625
326.0,72,1,0.20926333494811145,0.28798651247117907,1.37619192842639,0.12982177734375,0.1444091796875
327.0,74,0,0.20682581433109937,0.2673796769248872,1.2927771022665937,0.1302490234375,0.145263671875
328.0,67,0,0.2078435779195319,0.2745023744887898,1.3207161714424744,0.13043212890625,0.14593505859375
329.0,66,0,0.20607839616327217,0.25636485619190125,1.2440161655217272,0.1292724609375,0.14581298828125
330.0,49,0,0.20849627874043974,0.27714504983990007,1.3292565772117317,0.12738037109375,0.145263671875
331.0,65,0,0.20415719365864093,0.24995950633615355,1.2243482674144508,0.1253662109375,0.14434814453125
332.0,64,1,0.20403913350284325,0.2614151964351956,1.2812012673615516,0.125,0.14239501953125
333.0,53,0,0.20721917127697478,0.259689588768802,1.2532121770803428,0.1253662109375,0.14385986328125
334.0,54,1,0.2029542889942323,0.2366827856526952,1.1661876515426655,0.12115478515625,0.13916015625
335.0,59,0,0.20293143243430653,0.25128949507729537,1.2382975474173694,0.11956787109375,0.1375732421875
336.0,69,0,0.20163754531578215,0.2552131932560782,1.2657027383287764,0.11492919921875,0.1336669921875
337.0,81,0,0.20041952000942898,0.24797078463371552,1.2372586493673343,0.113037109375,0.1302490234375
338.0,70,1,0.2028718788398158,0.2678095062264063,1.320091812418537,0.11395263671875,0.13031005859375
339.0,66,1,0.20284793760918202,0.2565936344307161,1.2649555990314454,0.11639404296875,0.1328125
340.0,62,0,0.20387144882482908,0.3013755098837239,1.4782624620609457,0.11767578125,0.13348388671875
341.0,69,1,0.19981787772309076,0.24515804529269503,1.2269074623664908,0.1170654296875,0.1336669921875
342.0,67,1,0.20097810833311586,0.24882201842205307,1.2380553309300593,0.11627197265625,0.1346435546875
343.0,55,1,0.20271034475436717,0.26077434615963246,1.2864382746505805,0.11846923828125,0.13580322265625
344.0,67,0,0.19802153371110337,0.2223200336522649,1.1227063516062399,0.1165771484375,0.1370849609375
345.0,80,1,0.19665321917397513,0.23882965206009005,1.214471103312081,0.1129150390625,0.13079833984375
346.0,75,1,0.19870320573146819,0.24864281756581566,1.2513276605201678,0.11126708984375,0.1302490234375
347.0,72,1,0.20127050747715786,0.26528762562361363,1.3180650704809351,0.1131591796875,0.1317138671875
348.0,70,0,0.19971688813572444,0.25445258047264,1.2740664189586115,0.1121826171875,0.130126953125
349.0,79,0,0.19793451047469837,0.24498653146503657,1.2377150951468505,0.10955810546875,0.12750244140625
350.0,77,0,0.19717036366364402,0.2332626359624649,1.183051203173674,0.109375,0.12548828125
351.0,76,0,0.19584082751857254,0.2356073181829138,1.2030551605005346,0.10430908203125,0.12091064453125
352.0,73,1,0.19957444920354767,0.2744408235889792,1.3751300563985256,0.10308837890625,0.1187744140625
353.0,65,0,0.20036016060880196,0.2454556231630288,1.2250720024240476,0.10723876953125,0.1226806640625
354.0,48,1,0.20379472097083062,0.2705609883458228,1.3276152937472239,0.1104736328125,0.12548828125
355.0,54,0,0.20037823288708306,0.24031236092886468,1.1992937429700024,0.1107177734375,0.12713623046875
356.0,69,1,0.19718716369444494,0.23035510344006244,1.1682053695798043,0.10601806640625,0.1229248046875
357.0,63,0,0.19919737195849163,0.24257718971446798,1.2177730425329896,0.1051025390625,0.1219482421875
358.0,73,0,0.1980540208180282,0.22773151736034852,1.149845463473766,0.10894775390625,0.12249755859375
359.0,69,0,0.19864879152357934,0.23920011998116125,1.204135792352749,0.10589599609375,0.1219482421875
360.0,70,1,0.19960914613291508,0.25961435014314,1.3006134997955898,0.1051025390625,0.12213134765625
361.0,70,0,0.2027512057675324,0.2641603622479411,1.3028793651211048,0.108154296875,0.12396240234375
362.0,70,0,0.2039853099815132,0.26614348375302804,1.3047188730264356,0.11102294921875,0.12738037109375
363.0,82,0,0.2016173530476233,0.2544930341524104,1.2622575899619988,0.10986328125,0.12652587890625
364.0,77,1,0.20474333412579335,0.29692952494669506,1.4502524646993535,0.10711669921875,0.12347412109375
365.0,66,0,0.2066100185628243,0.2982449836351823,1.44351656182875,0.1102294921875,0.12530517578125
366.0,59,1,0.2069940078950183,0.2807008522432757,1.3560820194642518,0.11041259765625,0.12579345703125
367.0,66,1,0.20541920276203535,0.2690639623304487,1.3098286757647561,0.1109619140625,0.12603759765625
368.0,71,0,0.20490147564561936,0.2765112647179494,1.3494840085787396,0.109619140625,0.1258544921875
369.0,65,3,0.20609468553797095,0.29050572747663966,1.4095740834768726,0.109130859375,0.12335205078125
370.0,62,0,0.2029183640006279,0.26266400545790847,1.2944319098546235,0.10870361328125,0.123046875
371.0,67,2,0.20096528682773374,0.278640985374306,1.3865130131312449,0.10614013671875,0.12152099609375
372.0,68,0,0.19938573426344497,0.26275391329807457,1.3178170156893085,0.10589599609375,0.11956787109375
373.0,75,0,0.1983079076437083,0.2638646734296565,1.3305806942592093,0.10382080078125,0.1182861328125
374.0,79,0,0.19921642405401802,0.26247694254768333,1.3175467022563967,0.10479736328125,0.1182861328125
375.0,81,0,0.19951267746575763,0.26976757774058274,1.3521325119146024,0.10382080078125,0.11895751953125
376.0,67,0,0.20230314425256604,0.2814798597226792,1.3913765935899876,0.105712890625,0.1195068359375
377.0,58,0,0.2056605932417887,0.3048934189644954,1.482507728673338,0.11126708984375,0.12481689453125
378.0,55,0,0.20548016327555008,0.2690259202520987,1.3092549468696568,0.11639404296875,0.1295166015625
379.0,48,1,0.20529903144968645,0.2612276915436815,1.2724253480353205,0.1175537109375,0.1322021484375
380.0,57,0,0.2024852593325445,0.2512540003582861,1.2408508213708929,0.1180419921875,0.1312255859375
381.0,63,0,0.19916468333443543,0.24392832829934433,1.22475694091679,0.1134033203125,0.12994384765625
382.0,63,0,0.1976986444371326,0.2390443038177215,1.2091347641674735,0.11016845703125,0.12615966796875
383.0,61,0,0.1963538418184243,0.24711176138121063,1.2585022991794785,0.10675048828125,0.12158203125
384.0,68,1,0.19479301680811845,0.25178403052440707,1.292572160183893,0.10162353515625,0.1165771484375
385.0,78,0,0.1936359714331909,0.2408614900516603,1.24388814882344,0.09918212890625,0.1143798828125
386.0,73,0,0.19519221643146673,0.2549893156090027,1.3063498138950183,0.098388671875,0.11248779296875
387.0,56,0,0.19993162709229068,0.27414985214289334,1.3712180315340639,0.09893798828125,0.11383056640625
388.0,64,0,0.19447562578261643,0.23816578170217503,1.2246562043121803,0.0972900390625,0.111083984375
389.0,80,0,0.19106682109562922,0.23202907120905047,1.214387039458408,0.09503173828125,0.109130859375
390.0,84,0,0.1907267426118836,0.2281465527250942,1.1961959272243088,0.0965576171875,0.109130859375
391.0,74,0,0.19213327787974013,0.2512810115047318,1.3078474186133096,0.09442138671875,0.10736083984375
392.0,64,1,0.19408211867461841,0.2507235504368362,1.2918426084227677,0.0968017578125,0.10955810546875
393.0,72,0,0.194613312489407,0.24828582954971992,1.2757905734903638,0.09912109375,0.11297607421875
394.0,76,0,0.19746105235501749,0.26643880816876414,1.3493233475213673,0.1011962890625,0.1146240234375
395.0,83,0,0.19741865515922224,0.2602046532744313,1.3180347777395751,0.1026611328125,0.1168212890625
396.0,84,0,0.1977225758515018,0.25312790371486354,1.280217509936617,0.1065673828125,0.11920166015625
397.0,75,1,0.19804603880179067,0.2740122878328391,1.3835787349782709,0.10662841796875,0.12139892578125
398.0,71,0,0.2005788834161082,0.27269459066618135,1.3595378836588021,0.102294921875,0.1195068359375
399.0,62,0,0.20272058408841742,0.29675551993173827,1.4638647637395674,0.1029052734375,0.11865234375
400.0,72,0,0.20135906956114763,0.28851503376633764,1.4328385326528486,0.101318359375,0.11627197265625
401.0,71,0,0.20011714491160904,0.26751682705471563,1.3368011380178184,0.10009765625,0.11456298828125
402.0,72,0,0.19827575908788136,0.2632860281720813,1.3278780491536817,0.09954833984375,0.11328125
403.0,70,1,0.19921093157577546,0.2788832565966624,1.3999395233518164,0.09991455078125,0.1134033203125
404.0,77,2,0.19874827221304153,0.2773314810503476,1.3953906515125396,0.1004638671875,0.114013671875
405.0,71,0,0.2009541041706998,0.28287169628099706,1.407643289737007,0.10479736328125,0.11737060546875
406.0,75,0,0.19935711973452508,0.2624743606121067,1.3166038963726605,0.105712890625,0.11993408203125
407.0,83,0,0.19755873187617837,0.25819152513310245,1.3069102169319764,0.106201171875,0.11993408203125
408.0,67,0,0.200512745275935,0.27506320936350165,1.371799129202357,0.10699462890625,0.12127685546875
409.0,67,0,0.20121986881482404,0.2693678528952463,1.3386742297458536,0.10992431640625,0.1226806640625
410.0,70,0,0.19969479976341498,0.28062707149434857,1.4052798161335034,0.1103515625,0.123291015625
411.0,72,0,0.19982276351791547,0.2744040209476711,1.3732370432514256,0.10906982421875,0.1236572265625
412.0,73,0,0.2002663915510598,0.26641394566565724,1.3302978278196644,0.10980224609375,0.124267578125
413.0,70,0,0.2007267721926518,0.2688386582420324,1.3393263654138212,0.109130859375,0.125732421875
414.0,71,1,0.1995066851383402,0.2598248008704454,1.3023363136442268,0.1082763671875,0.12481689453125
415.0,69,0,0.1997121002086679,0.2676973014586406,1.3404160347767553,0.10986328125,0.1248779296875
416.0,68,0,0.2001659306584453,0.25716687568735064,1.2847684660491467,0.1124267578125,0.12628173828125
417.0,73,0,0.1989767936081881,0.24485179268825677,1.23055451969139,0.11468505859375,0.12884521484375
418.0,82,1,0.19861903211178852,0.26402455582173545,1.3293013917877456,0.11297607421875,0.12744140625
419.0,88,0,0.19487291104224566,0.22721159379166297,1.1659475530819507,0.11187744140625,0.12628173828125
420.0,67,1,0.19904652407243795,0.28146673049812637,1.4140750852584276,0.11260986328125,0.1287841796875
421.0,71,0,0.19731257814728262,0.2667497877310971,1.3519147650687708,0.11077880859375,0.12835693359375
422.0,69,0,0.19994941426064208,0.2665963095499596,1.3333187823318182,0.10931396484375,0.1273193359375
423.0,62,0,0.20010104725810687,0.26376110446984596,1.3181395504123727,0.10919189453125,0.125732421875
424.0,70,0,0.19885764577238463,0.24314643492484406,1.2227160488621747,0.10858154296875,0.12445068359375
425.0,63,0,0.19875302512031737,0.2501968536927299,1.2588329336938164,0.109130859375,0.1246337890625
426.0,75,0,0.19466958131431109,0.22472397340634304,1.1543866889172916,0.10821533203125,0.12353515625
427.0,85,0,0.19190086916085483,0.2320180613604006,1.20905164408567,0.10552978515625,0.120361328125
428.0,80,0,0.19525404581349093,0.26881553466722574,1.3767475779938596,0.1087646484375,0.12353515625
429.0,68,0,0.19735220519237173,0.25394337079913104,1.2867521320655946,0.11175537109375,0.12646484375
430.0,64,0,0.1967066588557155,0.24718883187737484,1.2566368282361404,0.111083984375,0.125732421875
431.0,64,0,0.19479895103066647,0.24771705244659273,1.2716549608503567,0.107421875,0.12322998046875
432.0,64,0,0.19561584274813099,0.25090414015571755,1.2826371148208793,0.10748291015625,0.12286376953125
433.0,72,0,0.19537064404886406,0.24094398652429921,1.2332660707410927,0.10845947265625,0.1251220703125
434.0,85,0,0.1950984407633937,0.24022534601369483,1.2313032593890842,0.109619140625,0.12603759765625
435.0,76,1,0.1988423474362998,0.27364569775131514,1.3761942628392023,0.10809326171875,0.12506103515625
436.0,63,1,0.20505735528749108,0.3046294948635148,1.485581897008392,0.110595703125,0.12701416015625
437.0,66,0,0.20150812089784814,0.2626927328920445,1.303633479988695,0.111328125,0.12664794921875
438.0,45,0,0.2056183220683663,0.2911383331143579,1.4159162966885652,0.11737060546875,0.13140869140625
439.0,49,1,0.20209982885688793,0.2576907300820843,1.2750665428052477,0.119384765625,0.13482666015625
440.0,58,0,0.19913725313789896,0.2414370851999618,1.2124154641862563,0.11688232421875,0.133544921875
441.0,58,2,0.1986789664430517,0.2568338364300728,1.2927077336276074,0.1112060546875,0.12835693359375
442.0,63,0,0.19865824630899798,0.27129927615359395,1.3656582658623106,0.10723876953125,0.12335205078125
443.0,66,2,0.1973092231685739,0.2727151575903674,1.382171361332508,0.10333251953125,0.11968994140625
444.0,66,0,0.19661394384391134,0.2532068924740617,1.287837919954846,0.10693359375,0.12188720703125
445.0,59,1,0.19503266156613674,0.2536121280230245,1.300357211897163,0.10784912109375,0.12347412109375
446.0,59,0,0.19619815841292865,0.26989822586004747,1.3756409746314024,0.1082763671875,0.12237548828125
447.0,62,0,0.19527597055559318,0.28063751334099607,1.4371328563495798,0.1055908203125,0.12091064453125
448.0,59,0,0.19375522887061059,0.2606758954468476,1.3453876675551633,0.10498046875,0.12109375
449.0,72,0,0.19137479629743698,0.25105192299982504,1.3118337830109936,0.098388671875,0.11572265625
450.0,67,0,0.19108565332705457,0.25112977027743916,1.3142261907418842,0.098388671875,0.1129150390625
451.0,62,1,0.19051840915475177,0.2532115513739884,1.3290660597964212,0.09613037109375,0.11236572265625
452.0,65,0,0.19100290320541197,0.267598891136462,1.4010200193065951,0.09625244140625,0.11090087890625
453.0,79,0,0.19040307636996168,0.2435013430420385,1.2788729451456158,0.09820556640625,0.111572265625
454.0,74,1,0.19422638531581848,0.29105086035104205,1.4985134994804326,0.09686279296875,0.1107177734375
455.0,84,0,0.19347080204735073,0.2729637139643703,1.4108780812184993,0.09918212890625,0.11322021484375
456.0,73,0,0.19796656379640698,0.2872173986679356,1.4508379251524317,0.10211181640625,0.11578369140625
457.0,66,0,0.19854001253105935,0.26549079729159775,1.3372155763819382,0.10638427734375,0.11981201171875
458.0,59,0,0.19940349029011176,0.2695322074572584,1.351692525868612,0.1097412109375,0.12237548828125
459.0,55,0,0.20057267224251238,0.2778063225048217,1.3850656692100414,0.11322021484375,0.1263427734375
460.0,58,0,0.19774560300746222,0.25694426877687876,1.2993677981663267,0.1136474609375,0.1282958984375
461.0,61,0,0.19836407919123147,0.2619905987702277,1.3207562570724185,0.1124267578125,0.1273193359375
462.0,71,1,0.19531412366968653,0.2483104155509995,1.2713387587419935,0.10980224609375,0.12567138671875
463.0,67,0,0.19215649570248883,0.2279150790437177,1.1860909422317578,0.10772705078125,0.1220703125
464.0,69,1,0.1908632440073475,0.24609099862665945,1.2893577278671104,0.1044921875,0.12054443359375
465.0,73,1,0.19099721808179432,0.2461252701042426,1.2886327485609752,0.1048583984375,0.119384765625
466.0,77,1,0.19104656793585045,0.23645680732325597,1.2376919924709318,0.10552978515625,0.1209716796875
467.0,82,0,0.191129839730657,0.24718797432284306,1.293298705587699,0.103515625,0.1185302734375
468.0,78,0,0.19149302734259066,0.2503917708702187,1.3075764394400389,0.10076904296875,0.1165771484375
469.0,65,0,0.1921417096795824,0.25324194214008133,1.317995673934568,0.10003662109375,0.114990234375
470.0,79,0,0.19116456484786837,0.25154551438317563,1.3158584834138027,0.101318359375,0.11572265625
471.0,87,0,0.1905630500935514,0.2551665871564552,1.3390139748035548,0.1016845703125,0.1156005859375
472.0,75,0,0.19396691196925325,0.26884209216818306,1.3860203755308467,0.1043701171875,0.1190185546875
473.0,72,0,0.19523706765716384,0.27987731867462684,1.433525518658635,0.1060791015625,0.12176513671875
474.0,75,0,0.19540017919578256,0.26861435986846394,1.374688400870523,0.10711669921875,0.12200927734375
475.0,73,0,0.19723000259905954,0.28319777900366866,1.435875755573402,0.10797119140625,0.1239013671875
476.0,68,2,0.1963061507250782,0.2774974388932116,1.4135952331001576,0.10546875,0.12322998046875
477.0,71,0,0.19867177796437777,0.27038878433334657,1.360982355439673,0.1087646484375,0.12335205078125
478.0,68,0,0.20022941699544672,0.2667998621517295,1.332470853460042,0.11236572265625,0.1292724609375
479.0,70,0,0.20006692585973027,0.2642746658568647,1.3209313069675064,0.114990234375,0.1307373046875
480.0,75,1,0.20188201707298287,0.27915812565003695,1.3827785639228967,0.11328125,0.12945556640625
481.0,75,0,0.20223406459090182,0.27265528847534753,1.348216429447237,0.11126708984375,0.1258544921875
482.0,61,0,0.20352631237256602,0.2814810624428023,1.3830205006983856,0.11114501953125,0.12579345703125
483.0,68,0,0.20045620392128072,0.258854976050485,1.2913293327261526,0.1119384765625,0.12542724609375
484.0,81,1,0.19858832173188595,0.2545568268358115,1.2818318046893442,0.1116943359375,0.12689208984375
485.0,89,1,0.19685849037390118,0.2529731984548916,1.2850509925907156,0.1087646484375,0.12432861328125
486.0,75,0,0.1981955517539299,0.25634004877211,1.2933693339917613,0.11053466796875,0.1268310546875
487.0,60,0,0.19979211520761456,0.2624415486016967,1.3135731023668267,0.112060546875,0.12664794921875
488.0,71,0,0.19634353130879312,0.23724672360407245,1.20832462379904,0.1107177734375,0.12689208984375
489.0,83,0,0.19342019679446348,0.22737811471145986,1.1755655225244213,0.10955810546875,0.12347412109375
490.0,79,1,0.19564806889782782,0.2531021150841058,1.2936601751805783,0.10748291015625,0.122802734375
491.0,77,2,0.19708561964895574,0.2920835595767347,1.482013553789399,0.1019287109375,0.1190185546875
492.0,71,2,0.19909997621840003,0.29199022109177947,1.4665507582556652,0.103515625,0.11993408203125
493.0,72,0,0.19803981508864343,0.2758494299218231,1.3928988461151197,0.1055908203125,0.12060546875
494.0,69,1,0.1983616147839535,0.2661929993720638,1.3419582193963746,0.1055908203125,0.12139892578125
495.0,62,0,0.19929218455777695,0.2670093145958936,1.3397881868191612,0.10614013671875,0.1209716796875
496.0,60,0,0.1991879684089728,0.2670966349119942,1.3409275522284123,0.10711669921875,0.12200927734375
497.0,60,0,0.19840634200517263,0.25249470271240515,1.2726140715089762,0.11090087890625,0.1260986328125
498.0,62,0,0.1987244310468285,0.2663044649236502,1.340069077167954,0.11181640625,0.128173828125
499.0,73,0,0.19671148412302525,0.2513904251246464,1.2779651693717302,0.11199951171875,0.1270751953125
500.0,75,0,0.1990215230316038,0.2566359535974854,1.289488441693478,0.1119384765625,0.1273193359375
501.0,83,0,0.19753269203940313,0.23687947632331952,1.1991912522311376,0.11260986328125,0.1280517578125
502.0,73,0,0.2008501898617864,0.28881927830295256,1.4379835961404939,0.11407470703125,0.12860107421875
503.0,73,0,0.201601420900465,0.2717042681717988,1.3477299264966247,0.113525390625,0.13092041015625
504.0,74,0,0.2023269485123683,0.25432850650695293,1.2570174580150195,0.115478515625,0.13250732421875
505.0,66,0,0.20368307627460036,0.2616074581406597,1.2843848537910296,0.1173095703125,0.13336181640625
506.0,63,0,0.20258083553985717,0.24147889036803175,1.1920125105838133,0.12030029296875,0.1358642578125
507.0,75,0,0.19893709103245064,0.22723570964744005,1.1422490822004296,0.1173095703125,0.13421630859375
508.0,68,0,0.19982769430632752,0.2490631019817575,1.246389309781827,0.11224365234375,0.13006591796875
509.0,72,0,0.19824985018915925,0.23061247233753246,1.1632415969923535,0.1082763671875,0.12908935546875
510.0,82,0,0.19685643704522499,0.2371020395353932,1.2044413842607664,0.10394287109375,0.1224365234375
511.0,75,0,0.19722659117537705,0.2555871057802057,1.2959059133812922,0.10076904296875,0.1185302734375
512.0,62,0,0.19852459593612315,0.2543726932007911,1.2813157583891395,0.10247802734375,0.11962890625
513.0,62,0,0.1978526661019661,0.2726763594645449,1.3781788481132589,0.1014404296875,0.11773681640625
514.0,71,0,0.19853783856210727,0.2632782017539898,1.3260857661227647,0.10052490234375,0.11566162109375
515.0,67,0,0.1994768940881174,0.2693122013716134,1.3500922129489683,0.1002197265625,0.11553955078125
516.0,64,0,0.20061851582552404,0.2635305691677054,1.3135904633892086,0.10491943359375,0.11962890625
517.0,63,0,0.2020460061308958,0.25700190316935845,1.2719969480755755,0.108642578125,0.1236572265625
518.0,57,0,0.2014702765780915,0.2593425946072903,1.2872499061009977,0.10699462890625,0.12322998046875
519.0,59,0,0.2002571776579456,0.2543142433360886,1.2699382179972423,0.10687255859375,0.12225341796875
520.0,66,0,0.19811216444321755,0.24741807735185287,1.2488787755522568,0.10382080078125,0.1195068359375
521.0,63,0,0.1984439211308186,0.2561142102034126,1.2906125254125393,0.103515625,0.1190185546875
522.0,73,0,0.1980636622496119,0.25383762574563623,1.2815961436971441,0.1048583984375,0.1204833984375
523.0,70,1,0.1983834972822655,0.26885197086590135,1.3552133849287442,0.10595703125,0.12164306640625
524.0,62,1,0.19766434760735296,0.2543747586542996,1.286902578706799,0.10540771484375,0.1212158203125
525.0,61,1,0.19601080069778737,0.23811366000027873,1.2147986700355673,0.10687255859375,0.12158203125
526.0,71,0,0.19413460749639613,0.2339208494976991,1.204941522350885,0.10418701171875,0.11993408203125
527.0,64,1,0.19700051411574165,0.25740086075220836,1.3065999442061371,0.1033935546875,0.12091064453125
528.0,59,0,0.19571260845352642,0.24411711890644436,1.247324435739724,0.10498046875,0.12109375
529.0,74,0,0.19516593244718533,0.24251229979356614,1.2425954507157309,0.1060791015625,0.12164306640625
530.0,70,0,0.1969437107348139,0.2421990295204241,1.2297880882652141,0.10693359375,0.12384033203125
531.0,70,0,0.19859461215555735,0.23716069547679852,1.1941950131609447,0.11065673828125,0.1256103515625
532.0,83,2,0.19884145746591508,0.2530705634930142,1.27272534972439,0.11016845703125,0.12713623046875
533.0,85,0,0.20340652850611246,0.2834909474146302,1.3937160694727218,0.10784912109375,0.1243896484375
534.0,80,1,0.20697963346992682,0.27643971574388043,1.3355889712890319,0.11248779296875,0.12786865234375
535.0,68,0,0.21070174389727128,0.2850574315764297,1.352895454512284,0.11785888671875,0.13287353515625
536.0,63,0,0.2115037297621712,0.2690587352671447,1.2721228867674919,0.12152099609375,0.137451171875
537.0,65,2,0.2099771914332249,0.26271476092021645,1.2511585621610843,0.12225341796875,0.13922119140625
538.0,73,1,0.20748441207833918,0.24108546567248926,1.16194495411763,0.1197509765625,0.1387939453125
539.0,66,1,0.20752988548423015,0.2600414219495644,1.2530312024352972,0.11798095703125,0.1361083984375
540.0,75,0,0.20624783572592714,0.25552542020457747,1.2389241288530801,0.11651611328125,0.13275146484375
541.0,66,1,0.2076913106076799,0.26467430025489164,1.2743638599057723,0.11419677734375,0.13104248046875
542.0,58,1,0.20703685247338569,0.260484438218281,1.258154937666307,0.11553955078125,0.13092041015625
543.0,70,2,0.20180018416728074,0.23452015028433892,1.162140417522787,0.114013671875,0.13018798828125
544.0,75,0,0.19884247073408684,0.22321051221626628,1.1225494804616813,0.11151123046875,0.127685546875
545.0,63,0,0.20041440820438586,0.2710670961342882,1.3525329768598753,0.10858154296875,0.12347412109375
546.0,62,1,0.20053216487887593,0.25607579247684176,1.276981139816223,0.10858154296875,0.12261962890625
547.0,74,0,0.19936252006341149,0.24562810162509816,1.2320676000031046,0.1072998046875,0.1221923828125
548.0,76,1,0.20021018973915272,0.24785533789389283,1.2379756405846047,0.11029052734375,0.12469482421875
549.0,65,1,0.2013389404914343,0.25848081270749773,1.2838093419811873,0.1092529296875,0.12445068359375
550.0,66,0,0.2010550834306733,0.24979159762690917,1.2424037898700577,0.11029052734375,0.12615966796875
551.0,77,1,0.19849619725349196,0.24347585026105195,1.2266020892587588,0.1107177734375,0.12664794921875
552.0,72,0,0.20014328363540676,0.27225585014913545,1.3603047037296208,0.10919189453125,0.1248779296875
553.0,76,0,0.19899753555904257,0.25024248992648035,1.2575155226092405,0.10870361328125,0.12420654296875
554.0,70,1,0.20321788300896482,0.28467346021852635,1.400828785358266,0.1114501953125,0.12591552734375
555.0,66,0,0.2033977648074778,0.26442426740973485,1.300035266660971,0.113525390625,0.12750244140625
556.0,61,0,0.20397066563353544,0.2617975056522519,1.283505669009343,0.1153564453125,0.13079833984375
557.0,68,1,0.20158647666099924,0.2554822704726536,1.2673581814830217,0.1141357421875,0.13018798828125
558.0,62,0,0.2045964921785119,0.2879480704370167,1.4073949527237248,0.11224365234375,0.12835693359375
559.0,58,1,0.20575521709919958,0.2857982000468417,1.3890204295964532,0.11181640625,0.127197265625
560.0,64,0,0.20320721774988304,0.2653693353885274,1.30590506738376,0.1121826171875,0.1260986328125
561.0,47,0,0.206102541184526,0.29598131080145046,1.4360876343414657,0.11212158203125,0.12713623046875
562.0,54,0,0.2026411821591485,0.2646702226958436,1.3061028359377578,0.11077880859375,0.1258544921875
563.0,67,0,0.20062001886284783,0.24731318368870975,1.2327442948641296,0.11224365234375,0.1282958984375
564.0,65,1,0.2007857300911911,0.2595812093742686,1.2928269815607627,0.11181640625,0.12774658203125
565.0,59,1,0.2002193084689929,0.25794515931545753,1.2883131067022158,0.11138916015625,0.12640380859375
566.0,64,0,0.19934764269919858,0.25127738408914435,1.2604983971057238,0.11273193359375,0.1279296875
567.0,72,0,0.19628697367864661,0.23256904917459462,1.1848419934139267,0.113037109375,0.1295166015625
568.0,77,1,0.19668103410907972,0.2351047677554217,1.1953606448145482,0.11236572265625,0.128662109375
569.0,65,0,0.20000385452885255,0.25570037848592203,1.278477252792319,0.1121826171875,0.12957763671875
570.0,60,1,0.20113615754367561,0.25697286425251026,1.2776065098922356,0.11053466796875,0.12811279296875
571.0,67,0,0.19958922267044252,0.27321376384468804,1.3688803442849857,0.10906982421875,0.1256103515625
572.0,67,1,0.19747894012916856,0.25102327945553715,1.2711394910836866,0.10626220703125,0.12432861328125
573.0,63,0,0.19781852390755586,0.24156230997821004,1.2211308890925525,0.1038818359375,0.12286376953125
574.0,68,0,0.1967549244758237,0.2338838029423499,1.1887062220447164,0.1025390625,0.12042236328125
575.0,76,0,0.19515851878246276,0.2311909278183343,1.1846314947493313,0.09930419921875,0.1170654296875
576.0,77,1,0.1943631583426446,0.24663290087748177,1.2689282422684776,0.096435546875,0.114501953125
577.0,71,1,0.19686050295510932,0.2691370927698984,1.367146221460536,0.09765625,0.11407470703125
578.0,62,0,0.19923218368999948,0.29218083613359647,1.4665343255396068,0.0985107421875,0.1146240234375
579.0,54,1,0.20373255943946386,0.27804920036460307,1.3647754739331261,0.1041259765625,0.120849609375
580.0,64,0,0.2022988592292138,0.25624626445214094,1.2666718212276336,0.107666015625,0.12408447265625
581.0,62,0,0.19997658194243292,0.2471581824261305,1.2359356281891032,0.10931396484375,0.12432861328125
582.0,67,0,0.19918679081609117,0.25043387707556075,1.2572815498934662,0.109375,0.1260986328125
583.0,62,0,0.19972336618121403,0.2539620250537765,1.2715689200999667,0.10894775390625,0.12432861328125
584.0,67,1,0.19764885393132914,0.25428024666977384,1.2865252775921516,0.10516357421875,0.1221923828125
585.0,80,0,0.19595978088494304,0.23890398221694734,1.2191480371026686,0.10430908203125,0.11993408203125
586.0,67,0,0.19842125627466659,0.27108467626937294,1.3662078416342718,0.1044921875,0.1201171875
587.0,70,0,0.19738111468082412,0.25755817150623656,1.3048774799084601,0.10040283203125,0.11865234375
588.0,73,1,0.19840210732297578,0.28333123604263566,1.4280656585033396,0.0980224609375,0.114501953125
589.0,71,0,0.1999720214865716,0.26656993725001205,1.333036168101709,0.0999755859375,0.116943359375
590.0,71,0,0.1998256630681453,0.27405518428909786,1.3714714120359932,0.10296630859375,0.11871337890625
591.0,85,1,0.2003141920514504,0.2616772094693679,1.306333848787691,0.1060791015625,0.12127685546875
592.0,68,0,0.20376765485286868,0.29077035391860484,1.4269701151959413,0.1080322265625,0.12432861328125
593.0,70,1,0.2030359164174452,0.27679938061299403,1.3633025402455885,0.10888671875,0.12591552734375
594.0,65,1,0.20431942548166732,0.281441781784151,1.3774597355130267,0.107666015625,0.1241455078125
595.0,61,1,0.20425802326118564,0.27527458260775983,1.3476806355643862,0.1094970703125,0.12506103515625
596.0,62,0,0.20246911284665153,0.25657845633921006,1.2672473975501661,0.109619140625,0.1248779296875
597.0,66,1,0.2011417252236299,0.2621481685614982,1.30330078590129,0.10809326171875,0.1226806640625
598.0,64,0,0.19991064983586254,0.26662246164081155,1.3337081434116842,0.1058349609375,0.12017822265625
599.0,72,1,0.2001207619943509,0.2738927571957597,1.3686373890755585,0.10357666015625,0.11737060546875
600.0,69,0,0.20061548080052372,0.26504477233846374,1.3211581243922221,0.103759765625,0.1175537109375
601.0,73,0,0.2013818070349392,0.26278897859966527,1.304929092001206,0.10711669921875,0.11981201171875
602.0,74,1,0.20041778552303946,0.25901488537836903,1.2923747495882465,0.10650634765625,0.12030029296875
603.0,55,1,0.20253999864885783,0.27387902943546544,1.3522219377037106,0.10821533203125,0.12298583984375
604.0,67,0,0.19984865534111673,0.26340477598454387,1.3180212573106622,0.1107177734375,0.12506103515625
605.0,64,2,0.20040959977048023,0.27687718614600687,1.3815565045940983,0.10931396484375,0.12384033203125
606.0,52,1,0.20317381408817844,0.2709340372862077,1.333508643828584,0.11083984375,0.12530517578125
607.0,64,0,0.20084066011069662,0.25188263017344786,1.2541416167155526,0.10931396484375,0.1240234375
608.0,73,0,0.19731221769790486,0.2380677605531683,1.2065535694178973,0.107177734375,0.1207275390625
609.0,67,0,0.1976183176947501,0.2542305433149474,1.2864725612513461,0.10736083984375,0.118896484375
610.0,65,0,0.19664107709801049,0.2549534502221878,1.2965421771724381,0.10516357421875,0.1187744140625
611.0,73,1,0.19772384430751283,0.27187191613622924,1.3750082449003802,0.1016845703125,0.11651611328125
612.0,62,1,0.1980549043607491,0.2653477026575368,1.3397684016661187,0.09991455078125,0.11431884765625
613.0,59,1,0.1976969237203718,0.26519120931257967,1.3414028115463938,0.1015625,0.11474609375
614.0,59,0,0.19603937922272302,0.2615727822299735,1.3342869339164611,0.10260009765625,0.11468505859375
615.0,58,0,0.1951388809563812,0.25438580908340996,1.3036141635980378,0.10321044921875,0.115966796875
616.0,61,0,0.19597306588087027,0.2777891254610666,1.417486245941222,0.10284423828125,0.11651611328125
617.0,62,0,0.19903589509572844,0.2796346293357154,1.4049457219825707,0.1058349609375,0.12017822265625
618.0,72,1,0.19702798413340789,0.2671053853757604,1.355672325180483,0.10400390625,0.1192626953125
619.0,52,2,0.201000103953699,0.28815955134279164,1.433628867222726,0.1025390625,0.11737060546875
620.0,51,0,0.20144057760089534,0.28583135994727926,1.41893636004948,0.10430908203125,0.11810302734375
621.0,52,0,0.20180857235143213,0.2783632459697162,1.3793430215886504,0.10693359375,0.1201171875
622.0,58,1,0.19888055317442144,0.2676131623366374,1.3455974355719755,0.1053466796875,0.12054443359375
623.0,71,1,0.19645063489572526,0.2594740087254267,1.3208102323678101,0.10284423828125,0.117431640625
624.0,73,0,0.19516928646085357,0.2646765053395713,1.3561381001034674,0.098388671875,0.11309814453125
625.0,82,0,0.195016889114478,0.2676612400273328,1.3725028700986581,0.09686279296875,0.1097412109375
626.0,74,1,0.19718209793272368,0.2757334040337825,1.3983693597167206,0.0992431640625,0.11212158203125
627.0,63,0,0.20077099475044982,0.2806825927924063,1.3980236196034361,0.10321044921875,0.116455078125
628.0,77,0,0.19560353288508942,0.24675388064284293,1.2615001222283784,0.1048583984375,0.1173095703125
629.0,69,1,0.1976732924376971,0.26597143862204253,1.3455102373319943,0.107421875,0.12042236328125
630.0,63,0,0.19832665546617612,0.26233461633149796,1.322740081079208,0.10809326171875,0.1220703125
631.0,64,0,0.19794633166920397,0.2637836358445216,1.332601789687828,0.10906982421875,0.1224365234375
632.0,64,0,0.19624005918138152,0.2566174827934954,1.3076712464518163,0.1072998046875,0.12109375
633.0,62,3,0.19734044314577795,0.29448161760544095,1.4922517296056923,0.104736328125,0.119873046875
634.0,77,0,0.1937685004169895,0.25320724987557064,1.3067513519001748,0.10400390625,0.11688232421875
635.0,94,0,0.19073355275849602,0.23436996037802166,1.2287820207217417,0.10296630859375,0.1163330078125
636.0,77,0,0.19536676698541725,0.2526100516478714,1.2930042071419803,0.10552978515625,0.119873046875
637.0,72,0,0.1962172063132792,0.2734222081682983,1.3934670323037526,0.1058349609375,0.1197509765625
638.0,62,1,0.19688963705943305,0.2545074962841994,1.292640385168539,0.10748291015625,0.12066650390625
639.0,67,0,0.1985566575588245,0.26484984815043855,1.333875435891511,0.10980224609375,0.1221923828125
640.0,67,0,0.19718177528290715,0.2541722765684462,1.289025196186472,0.1097412109375,0.1240234375
641.0,77,1,0.19749822463280345,0.24918103079149403,1.2616874468354402,0.1109619140625,0.1251220703125
642.0,73,0,0.20185144012613346,0.2867594107844689,1.4206458502613504,0.11053466796875,0.124267578125
643.0,69,1,0.2015352129430275,0.2636219474365557,1.30806891553527,0.11053466796875,0.1239013671875
644.0,75,0,0.20225415184093848,0.2690916382534894,1.3304628646887549,0.10986328125,0.1224365234375
645.0,77,0,0.2012450215413566,0.2566263041132627,1.275193304896365,0.11126708984375,0.12408447265625
646.0,66,0,0.20070515720766186,0.2593318631568898,1.2921036348287211,0.1109619140625,0.12628173828125
647.0,68,0,0.2018156568346342,0.2875236685968515,1.4246846508665363,0.1099853515625,0.12457275390625
648.0,54,0,0.20414676067695325,0.2826303888187269,1.3844470903261992,0.11181640625,0.1265869140625
649.0,61,1,0.20302700893349013,0.261670796915109,1.2888472242667481,0.112548828125,0.1265869140625
650.0,60,0,0.20320418616523922,0.252541765141073,1.242798044208174,0.11431884765625,0.12896728515625
651.0,73,0,0.20322972755402796,0.2753264770611283,1.3547549385359168,0.11285400390625,0.12646484375
652.0,72,1,0.2045350116517195,0.2714079077784226,1.326950851038519,0.1129150390625,0.12872314453125
653.0,69,0,0.20578760812825275,0.28739148863558706,1.3965441906321028,0.11334228515625,0.12847900390625
654.0,61,0,0.20655691665308473,0.28161006893889085,1.3633533725324674,0.1116943359375,0.12762451171875
655.0,65,0,0.20467351014456855,0.2685670577708848,1.3121730192694983,0.1083984375,0.1241455078125
656.0,66,0,0.20188250210493436,0.255078622137815,1.263500399877303,0.10693359375,0.12158203125
657.0,64,1,0.19988172287114625,0.2507479615499743,1.2544816902124611,0.108154296875,0.12249755859375
658.0,75,0,0.19707718079372738,0.24397312956528314,1.2379572743159941,0.104248046875,0.11968994140625
659.0,77,1,0.19642474389849285,0.2601842706401075,1.3246002793546414,0.10333251953125,0.117919921875
660.0,75,0,0.1984694757704725,0.2587624823123656,1.3037898211189978,0.10552978515625,0.118896484375
661.0,78,0,0.19804439065536578,0.2506191052021562,1.2654693443869371,0.10711669921875,0.12152099609375
662.0,87,0,0.19772825190100357,0.26572455512259613,1.3438876466456406,0.10479736328125,0.119873046875
663.0,83,0,0.20132589844309712,0.2887572900967536,1.4342779162034542,0.10345458984375,0.11956787109375
664.0,83,0,0.20430383358383672,0.2734635949816814,1.3385142617476373,0.10858154296875,0.1221923828125
665.0,66,1,0.20642010438220207,0.2828148302873939,1.3700934370411002,0.11102294921875,0.1243896484375
666.0,68,0,0.20551143684981144,0.2764831769414014,1.3453420460655743,0.11199951171875,0.12420654296875
667.0,73,1,0.20432719410183486,0.2590185810101783,1.2676657267709834,0.1156005859375,0.129150390625
668.0,60,0,0.20383337731299275,0.2508318056119991,1.2305727791913035,0.11669921875,0.1309814453125
669.0,68,0,0.20375790211676797,0.26348439798055484,1.293124807643334,0.11614990234375,0.13079833984375
670.0,65,0,0.20664514119678062,0.3043385709801399,1.472759384602851,0.11663818359375,0.13043212890625
671.0,62,1,0.20601337468360514,0.2766854850909683,1.3430462246244994,0.1142578125,0.130126953125
672.0,58,0,0.20542122059685586,0.27063694516754355,1.3174731626129081,0.11236572265625,0.128662109375
673.0,64,0,0.2046055774177442,0.2697314481941231,1.318299586933601,0.1138916015625,0.12786865234375
674.0,60,1,0.20413439651458976,0.2688313536495709,1.316933149139112,0.11334228515625,0.12847900390625
675.0,67,0,0.2037128826428113,0.26811731455380994,1.3161529652688924,0.1146240234375,0.12939453125
676.0,67,0,0.20326836984716828,0.25639019287277026,1.2613383630003172,0.11566162109375,0.1302490234375
677.0,73,2,0.20126627398513403,0.26126396503208654,1.298101067103692,0.1156005859375,0.13116455078125
678.0,56,0,0.20425508590811464,0.2629200279517976,1.2872141067276714,0.11676025390625,0.1329345703125
679.0,67,0,0.20182450266515656,0.24916719856279754,1.2345735788889143,0.1168212890625,0.13165283203125
680.0,70,0,0.20056704950030307,0.25135814567962067,1.253237489935957,0.11376953125,0.1292724609375
681.0,65,1,0.2017636078141057,0.2773672592571203,1.3747140143958556,0.1103515625,0.12646484375
682.0,73,0,0.2004007288913029,0.24741341248899318,1.2345933762705519,0.1136474609375,0.12908935546875
683.0,67,0,0.20125692795530462,0.2774708859297138,1.3786898605117082,0.11029052734375,0.125732421875
684.0,67,1,0.20195537909543432,0.25673436139609024,1.271242997071992,0.112060546875,0.126953125
685.0,68,2,0.2013417696309415,0.25303353800438705,1.256736436101641,0.11346435546875,0.12823486328125
686.0,66,0,0.20171097800521323,0.25041458343179046,1.2414524281634214,0.11651611328125,0.12969970703125
687.0,61,0,0.2033996652388697,0.2542893201877765,1.250195372195636,0.11920166015625,0.13201904296875
688.0,73,0,0.20136373041820926,0.2507178181322373,1.2450991924490338,0.11871337890625,0.133544921875
689.0,75,1,0.2021855356344635,0.2849538639091611,1.4093681974576886,0.11761474609375,0.13201904296875
690.0,78,1,0.20089980776624966,0.2654164148239881,1.3211382219579055,0.11553955078125,0.131591796875
691.0,69,0,0.20392897025005557,0.27733143356604306,1.3599413228340347,0.11590576171875,0.12945556640625
692.0,61,0,0.20317859738214358,0.27311618158891127,1.3442172803035315,0.1153564453125,0.1300048828125
693.0,60,2,0.20180172613037192,0.27228307827811515,1.349260402768852,0.1158447265625,0.13037109375
694.0,58,1,0.20154665076150696,0.26931987469257385,1.3362656917145397,0.1136474609375,0.12896728515625
695.0,77,0,0.1972874331952454,0.24980387427126932,1.2661925304895172,0.11114501953125,0.1251220703125
696.0,70,2,0.20091019373378344,0.2862024898634096,1.4245294603749323,0.111572265625,0.12701416015625
697.0,69,1,0.2020179353741458,0.28306738255542274,1.4011992649621428,0.1103515625,0.12664794921875
698.0,56,1,0.2046444965916792,0.27901849303429876,1.3634302298928453,0.1156005859375,0.12890625
699.0,59,1,0.20390264401081,0.29574808483496834,1.4504377138890316,0.117431640625,0.13165283203125
700.0,57,0,0.20382889477452404,0.27521040224987275,1.3502030835927903,0.11639404296875,0.1329345703125
701.0,54,0,0.20345173479475104,0.2785585272505811,1.36916270353556,0.11572265625,0.1331787109375
702.0,52,1,0.20040925157035816,0.24504054033913428,1.2227007407046142,0.116943359375,0.1341552734375
703.0,55,0,0.20082967974767935,0.26329388816551424,1.3110307624665556,0.11566162109375,0.13330078125
704.0,69,0,0.19831995311950867,0.24815394336788243,1.2512807685989293,0.11102294921875,0.1280517578125
705.0,69,0,0.19793536121769598,0.24778925869334087,1.2518695859544464,0.10662841796875,0.1253662109375
706.0,73,1,0.1985534514311641,0.24873454652585597,1.2527334313908365,0.1080322265625,0.1251220703125
707.0,84,0,0.1967848511764141,0.2335196474289685,1.18667491950192,0.10858154296875,0.12469482421875
708.0,69,0,0.2007961940980441,0.2631610666220686,1.310587921270924,0.1090087890625,0.12652587890625
709.0,68,1,0.2012802610734446,0.2648396457008749,1.3157755474305466,0.1119384765625,0.12701416015625
710.0,67,0,0.20203595116789952,0.27080788618903723,1.3403945417812577,0.11322021484375,0.12835693359375
711.0,72,0,0.2030996794444186,0.27611560455464923,1.359507830391296,0.1129150390625,0.12908935546875
712.0,59,0,0.20444366282760618,0.2710845813441609,1.3259622606778896,0.11712646484375,0.13446044921875
713.0,76,0,0.200356901706842,0.2450976469337292,1.2233052360349979,0.11749267578125,0.1343994140625
714.0,67,0,0.2060888790724931,0.2800912828640123,1.3590800441274096,0.117431640625,0.13531494140625
715.0,64,0,0.2081631917021717,0.2784589666031125,1.3376955086349562,0.11944580078125,0.13739013671875
716.0,69,0,0.20607885575932863,0.24352521828891788,1.181708901631914,0.12060546875,0.14007568359375
717.0,75,0,0.2064818829501815,0.25810404347294297,1.2500081836972423,0.121337890625,0.13916015625
718.0,71,1,0.20598602549059952,0.27312973560568127,1.3259624528176837,0.11834716796875,0.13604736328125
719.0,67,1,0.20438506739361348,0.2564641902409292,1.2548088444593632,0.11676025390625,0.134765625
720.0,69,0,0.20191333433413583,0.23619918354382183,1.1698047794750799,0.1121826171875,0.13134765625
721.0,83,0,0.1989446464294303,0.22306063084558955,1.1212195696088443,0.11114501953125,0.12890625
722.0,88,0,0.19884930339609713,0.2432742710859751,1.223410225387543,0.10931396484375,0.1270751953125
723.0,87,0,0.19740708582460129,0.22669473252851066,1.148361679022666,0.107177734375,0.12420654296875
724.0,71,1,0.20210578350304442,0.271300088993323,1.3423667759079059,0.10894775390625,0.12603759765625
725.0,81,0,0.20116757746745081,0.25006655289094565,1.2430758278202498,0.109130859375,0.1278076171875
726.0,67,0,0.20256460453025038,0.2535756697645986,1.2518261536986852,0.10858154296875,0.12689208984375
727.0,76,1,0.2048660039242269,0.26192823605074683,1.278534412901544,0.1114501953125,0.1279296875
728.0,62,1,0.20770358425921587,0.2896723393290386,1.3946429492883714,0.114501953125,0.12994384765625
729.0,61,0,0.20640750867576818,0.26879302708251285,1.3022444232139923,0.1151123046875,0.13067626953125
730.0,49,0,0.2078589138384091,0.28037236014596334,1.3488589686556656,0.11529541015625,0.12957763671875
