day,L,seed,chi,kappa,delta,g,h,M_tot,eta_M,omega_M,n_criminals,crimes_that_day,arrests_that_day,home_exits_that_day,inflow_that_day,balance_error,frac_removed_crime,frac_removed_arrest,frac_removed_home,mean_p_crime,mean_p_arrest,B_mean,B_std,H,f_hot_2,f_hot_3,Atilde_mean,deterrence_mean,deterrence_hot,M_cv,MB_corr,M_mass_on_hot10,crime_entropy,Gini_B,Gini_M,stat_window,mech,T_max,M_final_sum,wall_s
90.5,64,0,0.0,0.0,0.0,0.0,0.0,125.0,0.1,0.06666666666666667,19.083333333333332,8.3,0.0,0.0,8.216666666666667,0.0,1.0,0.0,0.0,0.00456159360715567,0.0,0.1638550237975318,0.2544335919865821,1.5471413565095742,0.1236572265625,0.06698404947916667,0.1971380550703565,1.0,1.0,0.08914985567553978,0.8944152055595433,0.11884287582786726,1.1280315422148786,0.5641148634326333,0.042292826720287335,60-120,base,120,125.00000000002498,2.1942498683929443
90.5,64,1,0.0,0.0,0.0,0.0,0.0,125.0,0.1,0.06666666666666667,17.25,8.866666666666667,0.0,0.0,8.866666666666667,0.0,1.0,0.0,0.0,0.005590621725406164,0.0,0.17860126378045044,0.2906130766198806,1.6242491157314902,0.12750651041666666,0.07118733723958333,0.21187133077874737,1.0,1.0,0.09463861147368155,0.9154459930437685,0.12024070043267009,1.0615944959484809,0.5852046007406815,0.044122127733048,60-120,base,120,125.0000000000245,2.204894781112671
90.5,64,0,16.384,0.0,0.0,0.5,0.0,125.0,0.1,0.06666666666666667,29.0,8.166666666666666,0.0,0.0,7.95,0.0,1.0,0.0,0.0,0.0029089215831219688,0.0,0.1634298360222712,0.255892355473371,1.5614202286206715,0.120703125,0.06417236328125,0.12717463046824576,0.6070501305489967,0.5578684576968066,0.0846616597813775,0.896103608472734,0.11725188410425141,1.4456782533196941,0.5530902881547336,0.03974077768613539,60-120,dissuasion,120,125.0000000000249,2.200422763824463
90.5,64,1,16.384,0.0,0.0,0.5,0.0,125.0,0.1,0.06666666666666667,30.15,8.483333333333333,0.0,0.0,8.6,0.0,1.0,0.0,0.0,0.002665120372097797,0.0,0.1701901451375246,0.257077897066624,1.5053663694547246,0.11734212239583333,0.059647623697916666,0.13073645690598848,0.6071716112839666,0.5530740286912995,0.09395575440390071,0.8794699941085984,0.11904136943335178,1.5006114414195995,0.5389019535130112,0.04500242729146426,60-120,dissuasion,120,125.00000000002444,2.2222647666931152
90.5,64,0,32.768,0.0,0.0,1.0,0.0,125.0,0.1,0.06666666666666667,57.266666666666666,8.533333333333333,0.0,0.0,8.533333333333333,0.0,1.0,0.0,0.0,0.0015285132049660346,0.0,0.1761352053227742,0.22167267615023276,1.2587173399337268,0.11431477864583334,0.04907633463541667,0.0934800159641948,0.3689696160685962,0.31938029319995365,0.08109980002627555,0.8733682917699099,0.11484156773229683,1.6644184652278642,0.4871712894011962,0.03968168956387827,60-120,dissuasion,120,125.00000000002437,2.2491343021392822
90.5,64,1,32.768,0.0,0.0,1.0,0.0,125.0,0.1,0.06666666666666667,53.45,8.483333333333333,0.0,0.0,8.3,0.0,1.0,0.0,0.0,0.001545604558081224,0.0,0.17773763273707835,0.23353933691427436,1.3130162947064359,0.12757161458333333,0.05860595703125,0.09279467418735463,0.3696267167004988,0.3083697497697544,0.10055070794178068,0.827970857809495,0.11839151542851044,2.166085197631818,0.5181495253258742,0.052524379790905934,60-120,dissuasion,120,125.00000000002478,2.2355127334594727
90.5,64,0,49.152,0.0,0.0,1.5,0.0,125.0,0.1,0.06666666666666667,93.76666666666667,7.966666666666667,0.0,0.0,8.083333333333334,0.0,1.0,0.0,0.0,0.0008559837883861249,0.0,0.1626385118987039,0.17990356831931067,1.1039520672139436,0.09195556640625,0.037613932291666666,0.06696146012189437,0.22419911618060884,0.18699821669577157,0.06944126618184562,0.851515255951432,0.11255655411675515,1.595800466185113,0.4166534232935606,0.03386741316862364,60-120,dissuasion,120,125.00000000002498,2.2835240364074707
90.5,64,1,49.152,0.0,0.0,1.5,0.0,125.0,0.1,0.06666666666666667,85.95,7.666666666666667,0.0,0.0,7.666666666666667,0.0,1.0,0.0,0.0,0.0008696067892528987,0.0,0.16091701509352632,0.17870573355459193,1.111076921522909,0.09971110026041667,0.03875732421875,0.06661010108747177,0.22422105322404726,0.18818192110860144,0.0688174035114506,0.8197912046072319,0.11204143494873134,0.6079370093997006,0.43042322128091043,0.0350618862191092,60-120,dissuasion,120,125.00000000002521,2.264864921569824
90.5,64,0,98.304,0.0,0.0,3.0,0.0,125.0,0.1,0.06666666666666667,202.03333333333333,7.983333333333333,0.0,0.0,8.516666666666667,0.0,1.0,0.0,0.0,0.0004161174943050228,0.0,0.16233152948164858,0.13749488616285666,0.8463441798864825,0.04788411458333333,0.015372721354166667,0.041000672922304866,0.050098323567624135,0.04208818690161942,0.04396483139854875,0.8279688239422515,0.10641237171326388,1.2348674050922936,0.2831902629506679,0.018084252510173465,60-120,dissuasion,120,125.00000000002545,2.4310927391052246
90.5,64,1,98.304,0.0,0.0,3.0,0.0,125.0,0.1,0.06666666666666667,205.75,9.0,0.0,0.0,8.566666666666666,0.0,1.0,0.0,0.0,0.0004191266542393338,0.0,0.16988351112640013,0.14969195200360305,0.8855129650647963,0.051680501302083334,0.016805013020833332,0.04130030162262908,0.05014851788326351,0.0413741493339475,0.04733246063926824,0.840436198685623,0.10707913442975098,1.2958754047521643,0.2969199484085895,0.019615997636220576,60-120,dissuasion,120,125.00000000002467,2.5721795558929443
90.5,64,0,0.0,16.384,0.0,0.0,0.5,125.0,0.1,0.06666666666666667,12.833333333333334,1.8666666666666667,6.416666666666667,0.0,8.4,0.0,0.23187104562104566,0.7681289543789543,0.0,0.0014774339386965547,0.005076684135375898,0.04073605412273903,0.10092656460705673,2.455596853825092,0.10599365234375,0.06538899739583333,0.07405095962359919,1.0,1.0,0.04077636772126451,0.8466983672909199,0.10804443696309735,0.3350211372706401,0.6275614425267239,0.016496110363032574,60-120,arrest,120,125.0000000000339,2.6284401416778564
90.5,64,1,0.0,16.384,0.0,0.0,0.5,125.0,0.1,0.06666666666666667,12.6,1.7166666666666666,6.583333333333333,0.0,8.383333333333333,0.0,0.20825408387908384,0.7917459161209162,0.0,0.001258700408962005,0.005056552306914572,0.036915917667081036,0.08673403862547117,2.3233859934998375,0.10797526041666666,0.06232096354166667,0.07025107637077266,1.0,1.0,0.03535019085643108,0.8055629851539556,0.10659864539355501,0.0,0.6192914879984261,0.015708967383591253,60-120,arrest,120,125.00000000003453,2.5903356075286865
90.5,64,0,0.0,32.768,0.0,0.0,1.0,125.0,0.1,0.06666666666666667,7.6,0.48333333333333334,7.85,0.0,8.233333333333333,0.0,0.061695526695526685,0.9383044733044733,0.0,0.0007035650075502825,0.010006850566042124,0.01276448132494307,0.03552979186152996,2.6642073529163257,0.10990397135416667,0.06413167317708333,0.04610632998938043,1.0,1.0,0.013430275908997034,0.798439787614624,0.10249386022849613,0.0,0.632221698495443,0.005782090537688986,60-120,arrest,120,125.00000000003685,2.4143283367156982
90.5,64,1,0.0,32.768,0.0,0.0,1.0,125.0,0.1,0.06666666666666667,7.55,0.55,8.05,0.0,8.65,0.0,0.059147195397195394,0.9408528046028047,0.0,0.0006082061427782685,0.00998636645068148,0.011906075304740332,0.034250159820997536,2.8397050577871226,0.09742838541666667,0.0546875,0.04524735131672926,1.0,1.0,0.011620746116952732,0.8022565453355001,0.10202581083592406,0.0,0.6052485308616052,0.0045567123990573775,60-120,arrest,120,125.00000000003685,2.3970298767089844
90.5,64,0,0.0,49.152,0.0,0.0,1.5,125.0,0.1,0.06666666666666667,5.433333333333334,0.08333333333333333,7.983333333333333,0.0,8.033333333333333,0.0,0.016396103896103895,0.9836038961038961,0.0,0.0003949509600232315,0.014899894013844946,0.002747368414434784,0.008875163029855403,2.900960783095356,0.08907063802083333,0.05996907552083333,0.036082534548578286,1.0,1.0,0.0037214501673921738,0.7867831607608179,0.10075699493912627,0.0,0.5731722798701068,0.001471387066105965,60-120,arrest,120,125.00000000003786,2.3361077308654785
90.5,64,1,0.0,49.152,0.0,0.0,1.5,125.0,0.1,0.06666666666666667,5.3,0.26666666666666666,7.933333333333334,0.0,8.15,0.0,0.034194925444925445,0.9658050745550746,0.0,0.0005043583558302054,0.014922229974318933,0.00677469871510047,0.019946688496525134,2.7573268533043223,0.10277913411458334,0.06575927734375,0.040112551527229735,1.0,1.0,0.008221346169631836,0.7628899619582987,0.10167240658941844,0.0,0.6402781026124745,0.0035365082891960684,60-120,arrest,120,125.00000000003746,2.393632650375366
90.5,64,0,0.0,98.304,0.0,0.0,3.0,125.0,0.1,0.06666666666666667,2.783333333333333,0.1,8.3,0.0,8.35,0.0,0.014550264550264551,0.9854497354497355,0.0,0.0003959298023029339,0.029575294349334605,0.003285392220110477,0.009439901490661842,2.906054148350805,0.08802490234375,0.04769287109375,0.03662091727607231,1.0,1.0,0.003895214410410806,0.7890658435001636,0.10077083186452236,0.0,0.569900543655802,0.0016257680284428588,60-120,arrest,120,125.00000000003757,2.3307647705078125
90.5,64,1,0.0,98.304,0.0,0.0,3.0,125.0,0.1,0.06666666666666667,2.75,0.06666666666666667,8.733333333333333,0.0,8.783333333333333,0.0,0.007599807599807599,0.9924001924001924,0.0,0.00036618913911121143,0.02956363489937441,0.0023294366255490607,0.006306681314162615,2.089501860679263,0.10120035807291666,0.06420084635416666,0.03566432395262859,1.0,1.0,0.0026045502062524125,0.7469765296657326,0.10055101345715868,0.0,0.5345200719766104,0.0011287701904930854,60-120,arrest,120,125.00000000003783,2.377770185470581
90.5,64,0,16.384,16.384,0.0,0.5,0.5,125.0,0.1,0.06666666666666667,14.566666666666666,0.8166666666666667,7.45,0.0,8.333333333333334,0.0,0.09496290746290746,0.9050370925370924,0.0,0.0005879833193465265,0.005021356291960617,0.017115535976647663,0.04246666893216357,2.4273591455002252,0.09530436197916667,0.05430908203125,0.0435441324497766,0.6065489617479037,0.5989365403762359,0.014640363670521192,0.7898392509915814,0.10264853512402197,0.0,0.5753482525168753,0.006066151007292377,60-120,both,120,125.00000000003604,2.4153387546539307
90.5,64,1,16.384,16.384,0.0,0.5,0.5,125.0,0.1,0.06666666666666667,14.533333333333333,0.75,7.216666666666667,0.0,7.883333333333334,0.0,0.08415399415399416,0.9158460058460058,0.0,0.0005895322381586304,0.005018744859452992,0.017484668668575853,0.042928134669029464,2.4564871987301578,0.10230712890625,0.05712076822916667,0.04375811311357398,0.6065515378267926,0.5985792485513914,0.015916772946916888,0.7850929501944741,0.10277279253709969,0.0,0.586961067234982,0.006619123506156719,60-120,both,120,125.00000000003595,2.4235081672668457
90.5,64,0,32.768,32.768,0.0,1.0,1.0,125.0,0.1,0.06666666666666667,7.283333333333333,0.23333333333333334,7.95,0.0,8.2,0.0,0.034279100529100534,0.9657208994708995,0.0,0.00037025852405763566,0.00995771746500881,0.0060413593814792116,0.017306313410632258,2.683989507999753,0.10422770182291667,0.06575520833333333,0.03551379682624365,0.36788954912272726,0.3633445362932478,0.006918229213437663,0.7629061633152385,0.10135084401846485,0.0,0.6308977121272875,0.0031144614506472103,60-120,both,120,125.00000000003725,2.432281494140625
90.5,64,1,32.768,32.768,0.0,1.0,1.0,125.0,0.1,0.06666666666666667,9.0,0.25,8.233333333333333,0.0,8.533333333333333,0.0,0.027136428386428386,0.9728635716135716,0.0,0.0003703605955499381,0.009960072405063044,0.005721882373411502,0.018623785572055004,3.1034239900488125,0.09924723307291666,0.05846354166666667,0.035393441811285564,0.3678887891391538,0.3644030956804928,0.006344831795057334,0.7957890155283487,0.1010641362670734,0.0,0.610696759831456,0.0023422859802528246,60-120,both,120,125.00000000003746,2.516657829284668
90.5,64,0,49.152,49.152,0.0,1.5,1.5,125.0,0.1,0.06666666666666667,5.5,0.08333333333333333,7.983333333333333,0.0,8.0,0.0,0.016515151515151517,0.9834848484848483,0.0,0.00034163493176827197,0.014891767120150202,0.00317792520673879,0.009956555221215304,2.7373819903714844,0.09752197265625,0.06381022135416667,0.03402398942107461,0.22313741602655696,0.22062239924964225,0.004541014849313235,0.7718179031109287,0.10086468455978728,0.0,0.5957492545815298,0.0018854113201051293,60-120,both,120,125.00000000003777,2.4229867458343506
90.5,64,1,49.152,49.152,0.0,1.5,1.5,125.0,0.1,0.06666666666666667,5.4,0.16666666666666666,8.266666666666667,0.0,8.466666666666667,0.0,0.02297017797017797,0.977029822029822,0.0,0.0003480029439805884,0.014901668996348654,0.003906675308562655,0.013827279652023959,3.247079427613662,0.09507242838541667,0.057047526041666664,0.03418132640828358,0.22313752892772964,0.2205270543301195,0.004823198520964043,0.795134940810556,0.10089391460772071,0.0,0.6070657945107913,0.001838481858399297,60-120,both,120,125.00000000003755,2.434279680252075
90.5,64,0,98.304,98.304,0.0,3.0,3.0,125.0,0.1,0.06666666666666667,2.7,0.06666666666666667,8.2,0.0,8.25,0.0,0.010462962962962962,0.989537037037037,0.0,0.00033480375072426617,0.029563631549276867,0.0025548099969578556,0.008200616699712383,3.361864154913967,0.08193766276041667,0.04607747395833333,0.033455803258523716,0.049790696494225115,0.0489085129829066,0.0034763220642191396,0.801381149387963,0.10070651735003171,0.0,0.5674767266901909,0.0012933384223523655,60-120,both,120,125.00000000003752,2.3497989177703857
90.5,64,1,98.304,98.304,0.0,3.0,3.0,125.0,0.1,0.06666666666666667,3.05,0.05,8.783333333333333,0.0,8.85,0.0,0.005833333333333333,0.9941666666666666,0.0,0.00033428687028175637,0.029559729925804912,0.0018984242419492173,0.005463510506022822,2.337271210637328,0.09598795572916667,0.0617431640625,0.03342496912729067,0.049789104429652314,0.04920145408000346,0.0023448676997882127,0.7520474530036808,0.10050123272873661,0.0,0.5295215345797755,0.0009777899491681841,60-120,both,120,125.00000000003683,2.5167336463928223
90.5,64,0,32.768,0.0,0.5,1.0,0.0,125.0,0.1,0.06666666666666667,16.1,0.9,0.0,7.483333333333333,8.4,0.0,0.10789460539460541,0.0,0.8921053946053947,0.00046798595136682687,0.0,0.019069613034734346,0.04732706370515944,2.450267407300187,0.10615641276041667,0.05797526041666667,0.04012240715208742,0.3679339792169064,0.3577685354403765,0.01720329196280567,0.7905442372539654,0.10294801014879319,0.0,0.5906426074708427,0.007411922024624314,60-120,home,120,125.00000000003598,2.4568839073181152
90.5,64,1,32.768,0.0,0.5,1.0,0.0,125.0,0.1,0.06666666666666667,15.516666666666667,0.9333333333333333,0.0,7.666666666666667,8.416666666666666,0.0,0.11049628612128612,0.0,0.889503713878714,0.0004687895212966527,0.0,0.01795538472524734,0.046598389547185225,2.5461937663437033,0.10841471354166667,0.059895833333333336,0.039716838600234686,0.3679307251398446,0.3581514424959938,0.016629002032547198,0.7952456804166353,0.10284216794395087,0.0,0.6176461099538417,0.006980362643012145,60-120,home,120,125.00000000003618,2.4636549949645996
90.5,64,0,32.768,0.0,1.0,1.0,0.0,125.0,0.1,0.06666666666666667,7.5,0.31666666666666665,0.0,7.716666666666667,8.066666666666666,0.0,0.045913900913900914,0.0,0.9540860990860991,0.00038953753409606026,0.0,0.00746169413442845,0.021475487381845022,2.6905060267324763,0.10808919270833334,0.06393229166666667,0.03601150520011984,0.36789539352680106,0.3627017731715535,0.008447457872083392,0.7675594087325595,0.10153771843458066,0.0,0.6229159961592615,0.00366364196095121,60-120,home,120,125.00000000003709,2.4887709617614746
90.5,64,1,32.768,0.0,1.0,1.0,0.0,125.0,0.1,0.06666666666666667,8.0,0.23333333333333334,0.0,7.733333333333333,7.966666666666667,0.0,0.024453347578347582,0.0,0.9755466524216525,0.00037032470273168686,0.0,0.0053737937700088995,0.01827894762284549,3.207502921267639,0.09810791015625,0.05721842447916667,0.03526459894529703,0.367889147071826,0.3641245144053456,0.0064512877720384965,0.7908835097457849,0.10114056273762745,0.0,0.6259797003235359,0.002465751975564991,60-120,home,120,125.00000000003746,2.435664653778076
90.5,64,0,32.768,32.768,0.5,1.0,1.0,125.0,0.1,0.06666666666666667,5.483333333333333,0.08333333333333333,5.616666666666666,2.3833333333333333,8.033333333333333,0.0,0.01611832611832612,0.6846567321567321,0.2992249417249417,0.0003516504427711078,0.009954410087958547,0.0033638456865345673,0.009727484569290706,2.583631452361849,0.10064290364583334,0.06483968098958333,0.03454974605811091,0.36788477250590745,0.36489822118044984,0.0045904413687688625,0.7717823121162941,0.10091970177126645,0.0,0.5961707963225124,0.0020173626807231688,60-120,all,120,125.00000000003779,2.470409393310547
90.5,64,1,32.768,32.768,0.5,1.0,1.0,125.0,0.1,0.06666666666666667,6.1,0.15,5.85,2.9833333333333334,9.033333333333333,0.0,0.01874296999296999,0.6519638694638695,0.32929316054316055,0.0003660760245048896,0.009963363369544948,0.003790560578160691,0.012319166331157467,2.9781599435339015,0.08399658203125,0.053125,0.03470649715572112,0.3678836125867408,0.36526616073403645,0.004164422428787913,0.8061108900745925,0.10081818211486661,0.0,0.5999513290281194,0.0015530580697401134,60-120,all,120,125.00000000003766,2.427095890045166
90.5,64,0,0.0,1.6384,0.0,0.0,0.05,125.0,0.1,0.06666666666666667,16.1,7.85,0.95,0.0,8.633333333333333,0.0,0.8792725646673015,0.12072743533269849,0.0,0.00453800164526934,0.0005327606260918259,0.15258453462451932,0.2443482377967941,1.6008741505992103,0.11867268880208333,0.06655680338541667,0.18597405552264554,1.0,1.0,0.08148154425492898,0.891475496494501,0.11667613579431574,1.0714146714800026,0.559582672416674,0.03750394366260726,60-120,arrest,120,125.00000000002558,2.41487455368042
90.5,64,1,0.0,1.6384,0.0,0.0,0.05,125.0,0.1,0.06666666666666667,18.666666666666668,6.8,0.9333333333333333,0.0,7.783333333333333,0.0,0.8743977781477781,0.12560222185222186,0.0,0.00388335871987998,0.0005267194257584516,0.14325926353339258,0.21847632212705764,1.5192407382870952,0.11355794270833333,0.05802001953125,0.17659696011791567,1.0,1.0,0.0810755174017035,0.8549990110721624,0.11575531217530126,1.2408212793830158,0.5328481725953809,0.03920497985822424,60-120,arrest,120,125.00000000002603,2.4820451736450195
90.5,64,0,0.0,3.2768,0.0,0.0,0.1,125.0,0.1,0.06666666666666667,16.6,6.216666666666667,2.0833333333333335,0.0,8.2,0.0,0.7581483793983795,0.2418516206016206,0.0,0.003791203253190376,0.001058324675409057,0.12234862533116381,0.21380699203594797,1.7437257115884572,0.12088623046875,0.06696370442708334,0.1556951738498415,1.0,1.0,0.08114018237557157,0.8427378091749471,0.11597792441922315,1.0756984309995103,0.5860019957290729,0.040027208154793194,60-120,arrest,120,125.00000000002754,2.4538304805755615
90.5,64,1,0.0,3.2768,0.0,0.0,0.1,125.0,0.1,0.06666666666666667,17.033333333333335,6.0,1.6833333333333333,0.0,7.933333333333334,0.0,0.7661046592296593,0.23389534077034077,0.0,0.0033343547098296992,0.0010386827160391258,0.13048095716478708,0.19864490651797534,1.5180474692972565,0.11395670572916666,0.05474039713541667,0.16376452587648252,1.0,1.0,0.06638431129733031,0.876953375766791,0.11252745476514366,1.1855972769789815,0.5154636650523068,0.029804845723311917,60-120,arrest,120,125.00000000002721,2.4120094776153564
90.5,64,0,0.0,6.5536,0.0,0.0,0.2,125.0,0.1,0.06666666666666667,15.766666666666667,5.183333333333334,3.566666666666667,0.0,8.6,0.0,0.5857273024533086,0.4142726975466913,0.0,0.00321630655066413,0.002100791328369948,0.10194742215058637,0.19179684757800153,1.8691445590468119,0.11725667317708334,0.06754557291666667,0.13518915415613492,1.0,1.0,0.07353852479052803,0.8511978670334694,0.1147939724280425,1.2395034343698443,0.6042169618843941,0.035311318102802185,60-120,arrest,120,125.00000000002893,2.415534019470215
90.5,64,1,0.0,6.5536,0.0,0.0,0.2,125.0,0.1,0.06666666666666667,16.016666666666666,5.283333333333333,3.316666666666667,0.0,8.716666666666667,0.0,0.6092192992192991,0.3907807007807007,0.0,0.00297932221728922,0.0020780997924772174,0.10541061228038232,0.17986891395126037,1.7054457103685825,0.11437581380208334,0.06033121744791667,0.13872305959789202,1.0,1.0,0.0657141320322577,0.838820586157924,0.1120110148700057,1.1086185899895404,0.5652222806226272,0.031643460396138676,60-120,arrest,120,125.00000000002858,2.4140164852142334
90.5,64,0,0.0,9.8304,0.0,0.0,0.3,125.0,0.1,0.06666666666666667,15.183333333333334,3.2333333333333334,4.783333333333333,0.0,8.166666666666666,0.0,0.3808417045917046,0.6191582954082955,0.0,0.0022372901003876395,0.003089022100104971,0.06744284758529231,0.12954261170914214,1.9133028700089625,0.11693115234375,0.06603190104166666,0.10082117281161115,1.0,1.0,0.04858617510725986,0.8439067819824856,0.10926904487268006,0.0,0.5885465606491176,0.022628765627246753,60-120,arrest,120,125.0000000000315,2.440983295440674
90.5,64,1,0.0,9.8304,0.0,0.0,0.3,125.0,0.1,0.06666666666666667,14.583333333333334,3.35,4.466666666666667,0.0,7.733333333333333,0.0,0.40476928164428155,0.5952307183557183,0.0,0.002118711510994632,0.00307710784640259,0.0684578365711938,0.13307094529539826,1.9216531064690627,0.10614013671875,0.05644938151041667,0.1017912355893645,1.0,1.0,0.04974488007962577,0.8398192136316146,0.1097022604394078,0.26766946980891876,0.5632622470793697,0.021340110141000145,60-120,arrest,120,125.00000000003124,2.4280049800872803
90.5,64,0,0.0,26.2144,0.0,0.0,0.8,125.0,0.1,0.06666666666666667,9.116666666666667,0.55,7.666666666666667,0.0,8.15,0.0,0.06778416028416027,0.9322158397158397,0.0,0.0006339910930001798,0.008000570851750852,0.01278351429190345,0.03470594355128896,2.6042317746139414,0.09636637369791666,0.05840250651041667,0.04612537565345019,1.0,1.0,0.01198792512246232,0.8136443387887557,0.10227294260262536,0.0,0.6144785178140719,0.00488225025977968,60-120,arrest,120,125.00000000003682,2.430675983428955
90.5,64,1,0.0,26.2144,0.0,0.0,0.8,125.0,0.1,0.06666666666666667,10.016666666666667,0.5,7.683333333333334,0.0,8.233333333333333,0.0,0.05682960557960558,0.9431703944203945,0.0,0.0005588577823743716,0.007987100423856267,0.010646670560297911,0.028280386860681246,2.567700933736423,0.09488932291666667,0.0531982421875,0.043964304749575404,1.0,1.0,0.009391717801914085,0.7879853848088139,0.1015853777031435,0.0,0.5645757036603111,0.003527851297324691,60-120,arrest,120,125.00000000003698,2.43302845954895
90.5,64,0,0.0,39.3216,0.0,0.0,1.2,125.0,0.1,0.06666666666666667,5.85,0.21666666666666667,7.65,0.0,7.866666666666666,0.0,0.028816137566137563,0.9711838624338626,0.0,0.00043326656833834554,0.011941856196735006,0.005080403965356219,0.01711919366399414,3.2510426389766534,0.09439290364583333,0.05627848307291667,0.03841712649413009,1.0,1.0,0.006417025475702532,0.7448716499989352,0.10111682158319207,0.0,0.6201827255268638,0.002537200631482213,60-120,arrest,120,125.00000000003755,2.4163002967834473
90.5,64,1,0.0,39.3216,0.0,0.0,1.2,125.0,0.1,0.06666666666666667,6.483333333333333,0.36666666666666664,7.666666666666667,0.0,7.983333333333333,0.0,0.0460990860990861,0.9539009139009137,0.0,0.0004743276937110811,0.0119392924180877,0.008125382169868012,0.02825822940699942,3.3876242869067608,0.1020751953125,0.06458333333333334,0.041464136038338005,1.0,1.0,0.011205241980198703,0.7694582339547187,0.10201973631569361,0.0,0.679101047270464,0.004430066108770488,60-120,arrest,120,125.00000000003739,2.428057909011841
90.5,64,0,0.0,65.536,0.0,0.0,2.0,125.0,0.1,0.06666666666666667,3.9,0.15,7.633333333333334,0.0,7.783333333333333,0.0,0.015374278499278499,0.9846257215007216,0.0,0.0004304977007236162,0.019825080768204172,0.0037652865693791953,0.01253192380523536,3.1415267849199298,0.08308512369791667,0.048177083333333336,0.03710113176833587,1.0,1.0,0.004627860332818132,0.7738545943147848,0.10084569226402997,0.0,0.5669631379067762,0.001829192224481017,60-120,arrest,120,125.00000000003756,2.3633646965026855
90.5,64,1,0.0,65.536,0.0,0.0,2.0,125.0,0.1,0.06666666666666667,3.6666666666666665,0.13333333333333333,7.333333333333333,0.0,7.483333333333333,0.0,0.0196494708994709,0.980350529100529,0.0,0.00043688692145784643,0.019828946029332013,0.003816644513040627,0.013810541710818016,3.5011440189024716,0.08600260416666666,0.052693684895833336,0.03712972231402776,1.0,1.0,0.00518636485531734,0.7718258860720142,0.10088712925726492,0.0,0.626327152856918,0.0018688462752590618,60-120,arrest,120,125.00000000003774,2.4147915840148926
90.5,64,0,0.0,0.0,0.05,0.0,0.0,125.0,0.1,0.06666666666666667,17.55,8.183333333333334,0.0,0.6166666666666667,8.65,0.0,0.9170120157620156,0.0,0.08298798423798423,0.004261915234061016,0.0,0.15817264994475214,0.23203404865072425,1.4632436705040928,0.11077880859375,0.055623372395833336,0.1915430970789159,1.0,1.0,0.07463081480781052,0.8812092420500439,0.11445821549453637,0.7727880932753266,0.5132913648598836,0.03372117215170009,60-120,home,120,125.00000000002501,2.4318814277648926
90.5,64,1,0.0,0.0,0.05,0.0,0.0,125.0,0.1,0.06666666666666667,16.65,6.933333333333334,0.0,0.8,7.783333333333333,0.0,0.9000126725126724,0.0,0.09998732748732748,0.004012287483294821,0.0,0.14456270224994489,0.22190700231529117,1.5342349152995303,0.12416178385416667,0.06471761067708333,0.17785566505442565,1.0,1.0,0.07995078915777683,0.8816512124733183,0.11580279939640276,1.0422916208102824,0.5508877725454263,0.03887122197237372,60-120,home,120,125.00000000002598,2.4699554443359375
90.5,64,0,0.0,0.0,0.1,0.0,0.0,125.0,0.1,0.06666666666666667,16.35,7.083333333333333,0.0,1.8166666666666667,8.95,0.0,0.7743244426139164,0.0,0.2256755573860837,0.004410918697074601,0.0,0.14491511393086476,0.2539748900631152,1.7398276813532276,0.12821858723958332,0.073388671875,0.17813990685487915,1.0,1.0,0.09311113774769784,0.8691259189931021,0.11908037329732055,1.7165916682205025,0.6043714961516818,0.04475647889585191,60-120,home,120,125.00000000002686,2.4766733646392822
90.5,64,1,0.0,0.0,0.1,0.0,0.0,125.0,0.1,0.06666666666666667,15.383333333333333,7.05,0.0,1.5833333333333333,8.6,0.0,0.8175037462537461,0.0,0.18249625374625375,0.004072014244171899,0.0,0.14756007893833387,0.2299870114055978,1.552176647474627,0.11858317057291666,0.060502115885416666,0.18094624796475486,1.0,1.0,0.07564689645848484,0.892530271021801,0.11526744443619724,0.2079441541679836,0.5451883135004307,0.034913188923707525,60-120,home,120,125.00000000002638,2.387523889541626
90.5,64,0,0.0,0.0,0.2,0.0,0.0,125.0,0.1,0.06666666666666667,16.833333333333332,4.7,0.0,3.466666666666667,8.016666666666667,0.0,0.5812798775298774,0.0,0.4187201224701224,0.0026174836575371158,0.0,0.09446756152070933,0.15878237104611428,1.6779401239810168,0.10766194661458334,0.0559814453125,0.12781831192310253,1.0,1.0,0.06223186256934697,0.8209662002812393,0.11146343886312662,0.26570641921464566,0.5333157975168771,0.02966076164745907,60-120,home,120,125.00000000002922,2.4669694900512695
90.5,64,1,0.0,0.0,0.2,0.0,0.0,125.0,0.1,0.06666666666666667,14.216666666666667,5.6,0.0,3.066666666666667,8.666666666666666,0.0,0.6534500222000221,0.0,0.34654997779997776,0.003594580346546876,0.0,0.11325105519866567,0.20864405104040495,1.8396046973381082,0.1121337890625,0.06327311197916667,0.14652312964620762,1.0,1.0,0.07003344067697286,0.8936362774746421,0.11414841255836274,0.8389539344061825,0.5820442456948168,0.02981418480703398,60-120,home,120,125.00000000002836,2.4611117839813232
90.5,64,0,0.0,0.0,0.3,0.0,0.0,125.0,0.1,0.06666666666666667,16.783333333333335,3.466666666666667,0.0,4.916666666666667,8.433333333333334,0.0,0.3861752368002368,0.0,0.5971580965330966,0.0022601882697931186,0.0,0.07029989657030278,0.13003196909614337,1.8379580138958922,0.11099446614583333,0.05794677734375,0.10365732610715199,1.0,1.0,0.04535506160385221,0.8411536376856662,0.10820495664685341,0.5257495372027782,0.5533753592276462,0.019632140116473563,60-120,home,120,125.0000000000313,2.416146993637085
90.5,64,1,0.0,0.0,0.3,0.0,0.0,125.0,0.1,0.06666666666666667,14.583333333333334,3.966666666666667,0.0,4.25,8.133333333333333,0.0,0.4818627206127205,0.0,0.5181372793872795,0.002619473315416758,0.0,0.08125086034645691,0.15816925511285235,1.9418442939077225,0.11664225260416666,0.06733805338541667,0.11456999207728621,1.0,1.0,0.06380278760815684,0.8444420764737763,0.1127919777355716,0.7456978454927058,0.5976107135286962,0.029347234307253448,60-120,home,120,125.00000000003081,2.463972806930542
90.5,64,0,0.0,0.0,0.5,0.0,0.0,125.0,0.1,0.06666666666666667,12.333333333333334,1.6,0.0,6.55,8.0,0.0,0.20883616111557288,0.0,0.7911638388844271,0.0012469029677704773,0.0,0.03142435736468537,0.08470622398370946,2.658578574745365,0.10096842447916667,0.061328125,0.06477865424529335,1.0,1.0,0.037245606845571884,0.7650557938306115,0.1069240468719937,0.0,0.6313188399508083,0.016953960141753634,60-120,home,120,125.00000000003416,2.4631094932556152
90.5,64,1,0.0,0.0,0.5,0.0,0.0,125.0,0.1,0.06666666666666667,12.116666666666667,2.3333333333333335,0.0,6.266666666666667,8.55,0.0,0.27083166833166833,0.0,0.7291683316683316,0.0016708983743640804,0.0,0.042740601292809294,0.10664946442359187,2.4851482090200516,0.10763753255208333,0.06659342447916666,0.07607964570939332,1.0,1.0,0.04034776774017001,0.842524595771528,0.1078782329619767,0.0,0.6532136676913683,0.01748720557372411,60-120,home,120,125.00000000003365,2.4498562812805176
90.5,64,0,0.0,0.0,0.8,0.0,0.0,125.0,0.1,0.06666666666666667,10.466666666666667,0.6833333333333333,0.0,7.816666666666666,8.45,0.0,0.07477092352092352,0.0,0.9252290764790766,0.0006436532638280469,0.0,0.012445519431677828,0.04117286177020892,3.0199237343674588,0.09554036458333333,0.05508219401041667,0.045787155312997596,1.0,1.0,0.01354923972027065,0.8205445244051223,0.10233369750137387,0.0,0.5976047469842902,0.00462462468944882,60-120,home,120,125.0000000000365,2.4008028507232666
90.5,64,1,0.0,0.0,0.8,0.0,0.0,125.0,0.1,0.06666666666666667,9.933333333333334,0.6833333333333333,0.0,7.266666666666667,7.916666666666667,0.0,0.08057049432049433,0.0,0.9194295056795058,0.0007622697145638534,0.0,0.01343629014855634,0.04153517192205809,3.0065842647707126,0.09869384765625,0.06164957682291667,0.04677858698432367,1.0,1.0,0.014360698315858964,0.8261602298774623,0.10250087700970438,0.0,0.6367751903786694,0.005016624186553639,60-120,home,120,125.00000000003668,2.5151100158691406
90.5,64,0,0.0,0.0,1.2,0.0,0.0,125.0,0.1,0.06666666666666667,6.466666666666667,0.36666666666666664,0.0,7.866666666666666,8.316666666666666,0.0,0.04598254958549076,0.0,0.9540174504145092,0.0005429661092970682,0.0,0.008097347127634233,0.02632739849398073,3.0698240030845403,0.10598551432291667,0.06259358723958333,0.04143608229360775,1.0,1.0,0.010583108658511692,0.7366071336908905,0.10183806393245395,0.0,0.6382494343834512,0.004314733094949206,60-120,home,120,125.00000000003732,2.393214702606201
90.5,64,1,0.0,0.0,1.2,0.0,0.0,125.0,0.1,0.06666666666666667,7.183333333333334,0.38333333333333336,0.0,8.1,8.5,0.0,0.04189609682256741,0.0,0.9581039031774327,0.00050972638412905,0.0,0.00729049682536483,0.024295572937651944,3.20344655017423,0.09815266927083334,0.05819091796875,0.04062869373229747,1.0,1.0,0.009094841341686614,0.7947029061727131,0.10162025527066457,0.0,0.6317083601186181,0.0034886554036712794,60-120,home,120,125.0000000000373,2.4269907474517822
90.5,64,0,32.768,1.6384,0.0,1.0,0.05,125.0,0.1,0.06666666666666667,53.916666666666664,6.016666666666667,2.966666666666667,0.0,8.9,0.0,0.6792893449143449,0.320710655085655,0.0,0.0011952934972595983,0.0005241405017446256,0.11283282364879818,0.17557261399303614,1.5548254585992884,0.114453125,0.05762939453125,0.07184620719466053,0.3686136736241373,0.3244243788362867,0.06618971804865927,0.8535700244227956,0.11314271654594507,0.2541539662053133,0.5239965782372411,0.03065470798605804,60-120,arrest,120,125.00000000002808,2.5060908794403076
90.5,64,1,32.768,1.6384,0.0,1.0,0.05,125.0,0.1,0.06666666666666667,43.61666666666667,5.65,2.4,0.0,8.016666666666667,0.0,0.6867317404817405,0.3132682595182595,0.0,0.001235142984196472,0.0005248924469206111,0.1188262755383387,0.17357345925624212,1.4553621211979566,0.11728108723958333,0.056905110677083336,0.07393892277843402,0.36870990235910905,0.32487758805189426,0.07004833639903599,0.8365706771479898,0.11300241405321061,1.6661044802894138,0.5185917228696267,0.03436497150489965,60-120,arrest,120,125.0000000000275,2.492640495300293
90.5,64,0,32.768,3.2768,0.0,1.0,0.1,125.0,0.1,0.06666666666666667,41.28333333333333,4.016666666666667,3.783333333333333,0.0,8.2,0.0,0.5027059745809745,0.4972940254190254,0.0,0.000947275519156673,0.001027690874718914,0.0845331250773083,0.13007853539218944,1.5352243030396828,0.10898844401041667,0.05242106119791667,0.06283832752535924,0.3682241339128941,0.338629480517988,0.04494876783172655,0.8636555434428871,0.10867661797029908,0.0,0.5073521404848603,0.01983222902402663,60-120,arrest,120,125.00000000003018,2.5556724071502686
90.5,64,1,32.768,3.2768,0.0,1.0,0.1,125.0,0.1,0.06666666666666667,42.35,4.016666666666667,4.233333333333333,0.0,8.283333333333333,0.0,0.5053048340548341,0.494695165945166,0.0,0.0009543807552304951,0.0010324171718631187,0.08007625068269655,0.13261531818243347,1.6509799207467455,0.1134521484375,0.0565185546875,0.06097817095078353,0.36837850648869264,0.3345611595952326,0.05432310905167561,0.8142934528629492,0.10994365480206379,1.0937694586305033,0.5324947107376086,0.025202358318419615,60-120,arrest,120,125.00000000003023,2.489344596862793
90.5,64,0,32.768,6.5536,0.0,1.0,0.2,125.0,0.1,0.06666666666666667,31.35,1.9666666666666666,6.516666666666667,0.0,8.433333333333334,0.0,0.24516594516594517,0.7548340548340547,0.0,0.0006305597245717449,0.0020211602063630422,0.04368497789409055,0.07608363093894602,1.717724595807887,0.09737141927083333,0.05062662760416667,0.04883118053062759,0.3680137382665232,0.35047909750255035,0.027510442248854548,0.8053997817362446,0.10507614508023337,0.046209812037329684,0.5036758448017731,0.012097173313406047,60-120,arrest,120,125.00000000003345,2.4881558418273926
90.5,64,1,32.768,6.5536,0.0,1.0,0.2,125.0,0.1,0.06666666666666667,28.116666666666667,2.0166666666666666,6.083333333333333,0.0,7.983333333333333,0.0,0.2506190106190106,0.7327143227143227,0.0,0.0006130990147536714,0.002023214683329749,0.039660499033612955,0.07965892621514678,2.012521206868362,0.10847574869791667,0.058634440104166664,0.04727090404931802,0.36805920880942133,0.3479047908280444,0.032497652122204145,0.802669796836104,0.10585045403219406,0.9795785562926108,0.5567395898617292,0.014190816956291864,60-120,arrest,120,125.0000000000338,2.3618061542510986
90.5,64,0,32.768,9.8304,0.0,1.0,0.3,125.0,0.1,0.06666666666666667,21.6,1.05,7.0,0.0,8.05,0.0,0.13966450216450216,0.8603354978354979,0.0,0.00048041595820328363,0.003009334051017834,0.02233111725520532,0.0439634665323755,1.9438745002581517,0.09172770182291666,0.044942220052083336,0.041356360084928184,0.3679224256867698,0.35937088142244494,0.01477330693095225,0.7649280159679096,0.10249314915403826,0.1955231011396676,0.49867549333555405,0.006290590734908116,60-120,arrest,120,125.00000000003561,2.4308924674987793
90.5,64,1,32.768,9.8304,0.0,1.0,0.3,125.0,0.1,0.06666666666666667,22.916666666666668,1.0666666666666667,7.05,0.0,8.116666666666667,0.0,0.1222141747141747,0.8777858252858253,0.0,0.0005006807746464639,0.003014293955908443,0.02379058359261924,0.04758908807868673,2.043512070158642,0.09052327473958334,0.04268798828125,0.04185227360423554,0.367938456311305,0.35861186010095475,0.017642228185491847,0.734609017137839,0.10271966574240678,0.0,0.5010282889208274,0.007894718562579669,60-120,arrest,120,125.00000000003527,2.4409420490264893
90.5,64,0,32.768,16.384,0.0,1.0,0.5,125.0,0.1,0.06666666666666667,15.883333333333333,0.65,7.85,0.0,8.616666666666667,0.0,0.08115134865134864,0.9188486513486513,0.0,0.0004211846090995411,0.004998213304631227,0.014329721839554598,0.038085470676060225,2.615876520441264,0.09842936197916667,0.056193033854166664,0.03845782671444816,0.3679114194862684,0.3604575468853531,0.012710475759076488,0.7826982180069272,0.10218196996375323,0.0,0.589012481607341,0.005079453985566549,60-120,arrest,120,125.00000000003651,2.547973394393921
90.5,64,1,32.768,16.384,0.0,1.0,0.5,125.0,0.1,0.06666666666666667,15.8,0.6666666666666666,7.666666666666667,0.0,8.316666666666666,0.0,0.07062987937987938,0.9293701206201206,0.0,0.00041440517176658984,0.004996732608745128,0.013756463680225645,0.03383921407244153,2.3883999320003,0.09755045572916667,0.05276285807291667,0.03827073126259846,0.36790772685541706,0.3612920532840282,0.011743415524411747,0.7460181322940885,0.10194183483370682,0.0,0.5657701747836948,0.005107724391822525,60-120,arrest,120,125.00000000003662,2.5038681030273438
90.5,64,0,32.768,26.2144,0.0,1.0,0.8,125.0,0.1,0.06666666666666667,9.5,0.26666666666666666,7.783333333333333,0.0,8.05,0.0,0.029595982720982718,0.9704040172790174,0.0,0.0003737310746824348,0.007977930365033888,0.006594367513463077,0.019634416483714327,2.933422181184909,0.09741617838541666,0.055135091145833336,0.03570742227543879,0.36789173250070256,0.36375426314528797,0.007364456871865742,0.7810229966451047,0.10124647750354467,0.3234686842613078,0.6095646083116422,0.0028849941977940182,60-120,arrest,120,125.00000000003739,2.485309362411499
90.5,64,1,32.768,26.2144,0.0,1.0,0.8,125.0,0.1,0.06666666666666667,10.516666666666667,0.26666666666666666,8.083333333333334,0.0,8.366666666666667,0.0,0.03438552188552189,0.9656144781144782,0.0,0.000373248441132174,0.00798021593590368,0.007039484041800637,0.02238478387602445,3.1355766496485473,0.09369710286458334,0.05262451171875,0.03585972501709436,0.3678954024078907,0.3634033167574933,0.008629701561921437,0.7554937395317148,0.10134917771114234,0.0,0.6063933168254205,0.0033291193442815965,60-120,arrest,120,125.00000000003732,2.556553602218628
90.5,64,0,32.768,39.3216,0.0,1.0,1.2,125.0,0.1,0.06666666666666667,6.833333333333333,0.2,7.666666666666667,0.0,8.016666666666667,0.0,0.028605098605098602,0.9713949013949015,0.0,0.00036216095825059903,0.011935393829567043,0.004761906065891861,0.016465297865723025,3.3007197571555524,0.08990071614583334,0.05694580078125,0.035047200338949785,0.3678888023974002,0.3639510330677222,0.0064452131413344806,0.7649545855320168,0.10118644780531677,0.0,0.6289056264910186,0.002604033069427791,60-120,arrest,120,125.00000000003723,2.4956626892089844
90.5,64,1,32.768,39.3216,0.0,1.0,1.2,125.0,0.1,0.06666666666666667,6.416666666666667,0.2,8.133333333333333,0.0,8.266666666666667,0.0,0.022143395819866407,0.9778566041801336,0.0,0.0003674612779581971,0.011936783790080847,0.005764136112906105,0.015881623199313664,2.9258229863110548,0.09139404296875,0.04342041015625,0.03541654304181579,0.3678884762152609,0.3641697856786344,0.006458911810360792,0.7532249894357592,0.10112373449172195,0.0,0.5672449469673314,0.0028688374980121445,60-120,arrest,120,125.00000000003755,2.4724526405334473
90.5,64,0,32.768,65.536,0.0,1.0,2.0,125.0,0.1,0.06666666666666667,3.8666666666666667,0.15,7.633333333333334,0.0,7.8,0.0,0.014902597402597402,0.9850974025974026,0.0,0.00035421652699308575,0.01981002090601615,0.0034774205618893993,0.010855264916709458,2.9212233482913565,0.08449300130208333,0.04876302083333333,0.03459246293539335,0.36788360268833376,0.365322329293862,0.004024690278656726,0.8306689861452308,0.10080235190031923,0.0,0.5613930277643531,0.0015868217264945325,60-120,arrest,120,125.00000000003647,2.4186291694641113
90.5,64,1,32.768,65.536,0.0,1.0,2.0,125.0,0.1,0.06666666666666667,3.466666666666667,0.1,6.966666666666667,0.0,7.066666666666666,0.0,0.01810185185185185,0.9818981481481482,0.0,0.0003589026361322097,0.019825069591855194,0.003061483710044183,0.011106169631301645,3.629670969339138,0.08380126953125,0.050459798177083334,0.03443634176407235,0.36788509595048163,0.36538449667181955,0.004316829163569182,0.7934069226640811,0.10079006353596201,0.0,0.6163113394455003,0.0015226190422194346,60-120,arrest,120,125.00000000003786,2.4360108375549316
90.5,64,0,32.768,0.0,0.05,1.0,0.0,125.0,0.1,0.06666666666666667,46.233333333333334,5.35,0.0,2.45,7.85,0.0,0.6957905057905058,0.0,0.3042094942094942,0.0011516450390680695,0.0,0.11376267125441245,0.16294127270289316,1.427633719573261,0.11290690104166666,0.053076171875,0.07234964601056472,0.3686522150893227,0.32485904577946045,0.06749059418827842,0.8540767193438223,0.11302094566876639,1.1773121820456074,0.5064510338417875,0.03183213580971348,60-120,home,120,125.00000000002828,2.577078104019165
90.5,64,1,32.768,0.0,0.05,1.0,0.0,125.0,0.1,0.06666666666666667,49.9,5.233333333333333,0.0,2.8666666666666667,8.066666666666666,0.0,0.635734126984127,0.0,0.3475992063492063,0.0011584557437284637,0.0,0.11312252311747137,0.15278775336333,1.3458423865989069,0.1093994140625,0.0464599609375,0.07266963763534769,0.3684656944376164,0.33444298089208346,0.05864476597452133,0.8260470633014786,0.11000233560530301,1.4195964689297058,0.4867329952391764,0.02879456747664233,60-120,home,120,125.00000000002805,2.6444029808044434
90.5,64,0,32.768,0.0,0.1,1.0,0.0,125.0,0.1,0.06666666666666667,44.9,3.8333333333333335,0.0,4.583333333333333,8.466666666666667,0.0,0.44290632978132977,0.0,0.5570936702186702,0.0009237797793757507,0.0,0.07778397604190726,0.1266355928062771,1.6249431831910515,0.10710856119791666,0.053324381510416664,0.060339864357163146,0.3683127453191141,0.33725343638668487,0.050633026952314135,0.8212635512468812,0.10911047734710738,0.23104906018664842,0.5168921328524076,0.023679575011750265,60-120,home,120,125.00000000003031,2.545929431915283
90.5,64,1,32.768,0.0,0.1,1.0,0.0,125.0,0.1,0.06666666666666667,40.71666666666667,4.183333333333334,0.0,3.8333333333333335,7.85,0.0,0.5215976615976616,0.0,0.47840233840233837,0.0009583330546612691,0.0,0.08356977588086845,0.1361100723547067,1.615702959686082,0.10308430989583334,0.05209554036458333,0.062100311886120856,0.3684451540344982,0.3326579231542805,0.05730889520869125,0.802482188874214,0.11054714158391293,1.228069221271411,0.5210641082432366,0.02758323381110665,60-120,home,120,125.00000000002969,2.602966547012329
90.5,64,0,32.768,0.0,0.2,1.0,0.0,125.0,0.1,0.06666666666666667,31.0,2.216666666666667,0.0,5.933333333333334,8.1,0.0,0.2753247623835859,0.0,0.724675237616414,0.000674102943475446,0.0,0.044804010893402496,0.07905800032160501,1.7661744461248816,0.09734293619791666,0.04804280598958333,0.049227104120374676,0.36801271676878755,0.35127006969302565,0.027427284133934225,0.811131082731558,0.10485069052818177,0.5911381540702265,0.5033705153281116,0.012199696793544717,60-120,home,120,125.00000000003317,2.5295298099517822
90.5,64,1,32.768,0.0,0.2,1.0,0.0,125.0,0.1,0.06666666666666667,30.1,1.5833333333333333,0.0,5.783333333333333,7.666666666666667,0.0,0.20250901875901875,0.0,0.7974909812409813,0.0005597162652940508,0.0,0.03384211390335715,0.0641139459308861,1.8952670441929316,0.08992106119791667,0.039388020833333336,0.04538717507810216,0.3679843787099827,0.3565691918793028,0.02429590042909651,0.7513616569961956,0.10335721288708145,0.0,0.47255656034938626,0.0099923713787711,60-120,home,120,125.0000000000336,2.4044580459594727
90.5,64,0,32.768,0.0,0.3,1.0,0.0,125.0,0.1,0.06666666666666667,21.416666666666668,1.3666666666666667,0.0,6.2,7.583333333333333,0.0,0.1910447422947423,0.0,0.8089552577052577,0.0005315340682628904,0.0,0.030228970158601175,0.05957113521431389,1.942525303357364,0.10002848307291666,0.046732584635416664,0.04411808454590067,0.36796425451998893,0.35651936119784894,0.021951618563349547,0.7742937553161671,0.1033327664307706,0.0,0.5167442564120112,0.009487929777391232,60-120,home,120,125.0000000000351,2.504983425140381
90.5,64,1,32.768,0.0,0.3,1.0,0.0,125.0,0.1,0.06666666666666667,22.983333333333334,0.9,0.0,7.433333333333334,8.266666666666667,0.0,0.11778138528138529,0.0,0.8822186147186148,0.000471489015024292,0.0,0.021637307645950215,0.042691717859436214,1.9791857760842457,0.09148763020833334,0.0420654296875,0.04110944565436003,0.36792908695214555,0.36013033318089177,0.016116055659721705,0.7109100115959308,0.10228636257905596,0.0,0.4846333277258227,0.0071213363089110155,60-120,home,120,125.00000000003553,2.5010828971862793
90.5,64,0,32.768,0.0,0.8,1.0,0.0,125.0,0.1,0.06666666666666667,9.833333333333334,0.2833333333333333,0.0,7.616666666666666,7.983333333333333,0.0,0.041133357383357376,0.0,0.9588666426166427,0.00037473885824883035,0.0,0.007641482940991938,0.02183173299936172,2.707264692046521,0.10006510416666667,0.05136311848958333,0.0360815535371382,0.367893154061784,0.3637695118065108,0.007695050675629229,0.7675476928955479,0.10124511825292283,0.0,0.5749851492764761,0.003016696883295219,60-120,home,120,125.00000000003735,2.484334945678711
90.5,64,1,32.768,0.0,0.8,1.0,0.0,125.0,0.1,0.06666666666666667,10.033333333333333,0.2833333333333333,0.0,7.933333333333334,8.15,0.0,0.03353132978132978,0.0,0.9664686702186702,0.0003699295009891113,0.0,0.007155009315796696,0.024288453570737494,3.275798871530148,0.08962809244791667,0.0508544921875,0.03589325396916879,0.3678953389011934,0.3641726993824902,0.008094630560397992,0.8133852144387637,0.10114470440052464,0.0,0.5860465453527689,0.002424103004938011,60-120,home,120,125.00000000003737,2.417874336242676
90.5,64,0,32.768,0.0,1.2,1.0,0.0,125.0,0.1,0.06666666666666667,6.816666666666666,0.2,0.0,7.683333333333334,8.033333333333333,0.0,0.02937950937950938,0.0,0.9706204906204905,0.0003617506425825738,0.0,0.00476558579958526,0.016749760177330538,3.351070888918292,0.08977864583333334,0.05681559244791667,0.03504656998289669,0.36788963415103754,0.3639514431361823,0.006621556489850887,0.7656433579843723,0.10118859839390397,0.0,0.6292251926437733,0.002605906236502296,60-120,home,120,125.00000000003722,2.437119960784912
90.5,64,1,32.768,0.0,1.2,1.0,0.0,125.0,0.1,0.06666666666666667,6.25,0.18333333333333332,0.0,8.016666666666667,8.15,0.0,0.02287758537758538,0.0,0.9771224146224146,0.0003620476420792502,0.0,0.005139550149785709,0.013077503962809323,2.6633162931529535,0.09637451171875,0.04737141927083333,0.035200582278314914,0.3678852656445835,0.3646021299070254,0.005275883345805492,0.768069228427113,0.10099991886361198,0.0,0.5833258722175476,0.0023455850008961185,60-120,home,120,125.00000000003766,2.424417018890381
90.5,64,0,98.304,1.6384,0.0,3.0,0.05,125.0,0.1,0.06666666666666667,92.35,3.816666666666667,4.466666666666667,0.0,8.0,0.0,0.45605179542679536,0.5439482045732047,0.0,0.0003744295064481401,0.0005016205339079534,0.07874536934431935,0.09388205106319127,1.1888585257239286,0.07306315104166666,0.025093587239583333,0.03702306690026183,0.049974012313261366,0.04370932661893172,0.032674620614912754,0.8065940227663858,0.10482334644909198,0.0,0.3697658165158531,0.01428014105154219,60-120,arrest,120,125.00000000003092,2.6285245418548584
90.5,64,1,98.304,1.6384,0.0,3.0,0.05,125.0,0.1,0.06666666666666667,100.28333333333333,3.3,5.5,0.0,8.7,0.0,0.3778336940836941,0.6221663059163058,0.0,0.00036889597750243126,0.0005006906697066014,0.06948453840667654,0.08982874281734515,1.2911698524341224,0.07320149739583333,0.026513671875,0.03659799621721103,0.04992951442606926,0.04456452857766701,0.02924127460796249,0.829456034217885,0.10417081704824281,0.8154294624550723,0.3740191451742352,0.011552806175268274,60-120,arrest,120,125.00000000003176,2.6136558055877686
90.5,64,0,98.304,3.2768,0.0,3.0,0.1,125.0,0.1,0.06666666666666667,58.4,2.25,5.933333333333334,0.0,8.166666666666666,0.0,0.301300505050505,0.6986994949494948,0.0,0.00035767659025605976,0.0010010494068198653,0.046928386058516874,0.0732224036514044,1.5547367410514776,0.08047281901041667,0.0333740234375,0.03553444178607336,0.04989547320108965,0.045090332390905555,0.026120876086006717,0.818141050144614,0.10370375359178455,0.577622650466621,0.41489502210573254,0.009857808692352699,60-120,arrest,120,125.00000000003318,2.518778085708618
90.5,64,1,98.304,3.2768,0.0,3.0,0.1,125.0,0.1,0.06666666666666667,62.25,2.0,6.5,0.0,8.416666666666666,0.0,0.23397620897620902,0.766023791023791,0.0,0.0003547897093405226,0.0010011326219626136,0.0408987084379425,0.06512628040225416,1.5841699797539908,0.08662516276041667,0.037581380208333334,0.0352521832935399,0.04986847905765679,0.045530908296790476,0.020902791636116667,0.8166169943908277,0.10330256862925971,0.5545177444479562,0.4403532867378665,0.008387837377895958,60-120,arrest,120,125.0000000000338,2.578606605529785
90.5,64,0,98.304,6.5536,0.0,3.0,0.2,125.0,0.1,0.06666666666666667,32.266666666666666,1.1,6.566666666666666,0.0,7.816666666666666,0.0,0.13595090095090095,0.864049099049099,0.0,0.00034541928016042515,0.002001882247257899,0.022824615148017,0.045937701575317756,1.9864367205450146,0.10149332682291666,0.04836832682291667,0.034397784093155546,0.049847011288929315,0.046021815012511375,0.01726754052373475,0.7841700520382605,0.10286172511828805,0.1617343421306539,0.5224884523146286,0.007474363515176735,60-120,arrest,120,125.00000000003504,2.435478687286377
90.5,64,1,98.304,6.5536,0.0,3.0,0.2,125.0,0.1,0.06666666666666667,35.25,1.4666666666666666,6.983333333333333,0.0,8.483333333333333,0.0,0.16667781292781292,0.8333221870721869,0.0,0.00034827639147475974,0.0020005937334657544,0.029137593223751635,0.05407378167525781,1.8506181567594595,0.09413248697916667,0.04285888671875,0.03469910300925667,0.04985287284015923,0.04611553942405503,0.01903381391770324,0.8009418101635519,0.10283677333699989,0.3736045974871835,0.4852715972782404,0.007616021684531682,60-120,arrest,120,125.00000000003513,2.6032662391662598
90.5,64,0,98.304,9.8304,0.0,3.0,0.3,125.0,0.1,0.06666666666666667,24.116666666666667,0.75,7.516666666666667,0.0,8.283333333333333,0.0,0.09178640803640802,0.908213591963592,0.0,0.00034272956797147064,0.002996575009775851,0.01835297333249763,0.03641487189100712,2.001708534098567,0.09360758463541667,0.04547526041666667,0.034202110202141915,0.0498205302512553,0.04714065102666768,0.012721793405744303,0.7735389682753125,0.10200888989569033,0.4488084673259973,0.5106354635909616,0.005483663106840148,60-120,arrest,120,125.00000000003612,2.4928219318389893
90.5,64,1,98.304,9.8304,0.0,3.0,0.3,125.0,0.1,0.06666666666666667,24.283333333333335,0.7833333333333333,7.55,0.0,8.3,0.0,0.09166315166315166,0.9083368483368482,0.0,0.0003420052239006781,0.002995518323590998,0.017779875236353083,0.03707119772968362,2.079662229857768,0.0847900390625,0.041748046875,0.03417894516978062,0.04981497766111723,0.047458158592198346,0.01190855831179971,0.7889151005499091,0.10178802640491498,0.0,0.4792556094472283,0.004544077463015661,60-120,arrest,120,125.00000000003607,2.554454803466797
90.5,64,0,98.304,16.384,0.0,3.0,0.5,125.0,0.1,0.06666666666666667,15.516666666666667,0.65,7.65,0.0,8.4,0.0,0.07550059417706477,0.9244994058229353,0.0,0.00034082614873718367,0.004990711186249651,0.013356024405717988,0.031697349337241436,2.3184515741263474,0.10237630208333333,0.05347493489583333,0.03396314383143668,0.049812517781250586,0.047427922032871495,0.010798114252323621,0.7655280963115982,0.10179303245116231,0.0,0.5587304020635915,0.004525462974571017,60-120,arrest,120,125.00000000003664,2.4629013538360596
90.5,64,1,98.304,16.384,0.0,3.0,0.5,125.0,0.1,0.06666666666666667,16.916666666666668,0.6333333333333333,7.933333333333334,0.0,8.6,0.0,0.07068653568653567,0.9293134643134643,0.0,0.0003391515207541555,0.004987109056209668,0.01175125580980011,0.030697696751381866,2.602683105975775,0.10087483723958333,0.055436197916666666,0.033888307686416055,0.04980737964394248,0.04774409413165608,0.009827550519699387,0.7996063490577492,0.10156720104843542,0.0,0.5833501153359001,0.0036536150554008088,60-120,arrest,120,125.00000000003611,2.373547315597534
90.5,64,0,98.304,26.2144,0.0,3.0,0.8,125.0,0.1,0.06666666666666667,9.883333333333333,0.31666666666666665,7.633333333333334,0.0,7.983333333333333,0.0,0.04024346024346025,0.9597565397565397,0.0,0.0003369220558252009,0.007969624321621767,0.00704452608485747,0.020896603870532528,2.883372811472809,0.09264322916666666,0.05187581380208333,0.033667266642149286,0.049798588822233196,0.04828590816221875,0.006969221463106999,0.7806336562140214,0.1011637308042426,0.0,0.5843312652919713,0.0026051526509883794,60-120,arrest,120,125.00000000003737,2.493842840194702
90.5,64,1,98.304,26.2144,0.0,3.0,0.8,125.0,0.1,0.06666666666666667,10.666666666666666,0.2833333333333333,8.083333333333334,0.0,8.383333333333333,0.0,0.034708347208347215,0.9652916527916527,0.0,0.0003366119109351024,0.007969643899109414,0.006573068601210261,0.019275818894449938,2.8801681373387313,0.10275065104166667,0.059220377604166666,0.03364541624841983,0.04979786828498578,0.04815254739553845,0.006789019881262976,0.7590489747363133,0.10124286083719808,0.0,0.616901468915365,0.0029302859170207826,60-120,arrest,120,125.000000000037,2.580324411392212
90.5,64,0,98.304,39.3216,0.0,3.0,1.2,125.0,0.1,0.06666666666666667,6.8,0.21666666666666667,7.7,0.0,8.016666666666667,0.0,0.028314694564694563,0.9716853054353055,0.0,0.0003355308872313714,0.011926448678944613,0.004728196979765239,0.016302070017072182,3.37506309217413,0.090185546875,0.056803385416666664,0.033557001699167484,0.04979647705993364,0.04821336241994181,0.006393272577680284,0.7614266751744102,0.10119945494564409,0.0,0.6260804675763245,0.0025457480879988318,60-120,arrest,120,125.00000000003709,2.348074197769165
90.5,64,1,98.304,39.3216,0.0,3.0,1.2,125.0,0.1,0.06666666666666667,6.933333333333334,0.21666666666666667,8.066666666666666,0.0,8.316666666666666,0.0,0.02574795574795575,0.9742520442520443,0.0,0.0003362772039364637,0.01193131298071095,0.005606267727581045,0.017735659824624016,2.9941279340611375,0.09618733723958334,0.05075276692708333,0.033598497481904153,0.04979940466375058,0.048303309501068495,0.007459162504560129,0.7567831607795928,0.101150161112173,0.10397207708399178,0.6044145419496034,0.002921622637345811,60-120,arrest,120,125.00000000003752,2.479342222213745
90.5,64,0,98.304,65.536,0.0,3.0,2.0,125.0,0.1,0.06666666666666667,3.6166666666666667,0.11666666666666667,7.566666666666666,0.0,7.683333333333334,0.0,0.013135521885521886,0.9868644781144782,0.0,0.00033451820385748705,0.019799498513484788,0.002828424439578995,0.008777040582883968,2.3396372057662194,0.070068359375,0.037211100260416664,0.03346763056441058,0.04979188349394104,0.04891564861458606,0.0037530784326429054,0.8495336207560835,0.1007075715364715,0.0,0.46419301825329534,0.0014171035641044013,60-120,arrest,120,125.00000000003618,2.464677572250366
90.5,64,1,98.304,65.536,0.0,3.0,2.0,125.0,0.1,0.06666666666666667,3.3666666666666667,0.11666666666666667,7.116666666666666,0.0,7.133333333333334,0.0,0.01705687830687831,0.9829431216931216,0.0,0.0003352044872364791,0.019810279415039638,0.0033998765988720366,0.011326027751914868,3.4398882459487985,0.08676350911458333,0.0525634765625,0.03349571113697962,0.049791757760175394,0.048767089556990974,0.004132491265014281,0.7906003995722524,0.10080598807015269,0.0,0.6239645930167916,0.0016366634175176457,60-120,arrest,120,125.00000000003737,2.552367687225342
90.5,64,0,98.304,0.0,0.05,3.0,0.0,125.0,0.1,0.06666666666666667,99.1,3.4833333333333334,0.0,4.75,8.166666666666666,0.0,0.4263335738335738,0.0,0.573666426166426,0.000369621050182953,0.0,0.0712086561798945,0.08834789082256232,1.2409233268725024,0.07200927734375,0.026139322916666666,0.0366847246437056,0.04992430808795619,0.044339161912552154,0.028380840853208862,0.8269394111524927,0.10431762332924219,0.8767009297839086,0.36725426525144245,0.011318187551759834,60-120,home,120,125.00000000003124,2.495091199874878
90.5,64,1,98.304,0.0,0.05,3.0,0.0,125.0,0.1,0.06666666666666667,93.18333333333334,3.033333333333333,0.0,4.95,8.383333333333333,0.0,0.3613378288378288,0.0,0.638662171162171,0.00036847391426846326,0.0,0.0677303917984612,0.0791270204728092,1.1703097194940608,0.0690673828125,0.024462890625,0.036546039333951764,0.04989247791506008,0.04484078010216939,0.024320874997082246,0.8325837935514643,0.1038626879534879,0.5896268045885653,0.35553108222591673,0.009821998585155225,60-120,home,120,125.00000000003166,2.63177227973938
90.5,64,0,98.304,0.0,0.1,3.0,0.0,125.0,0.1,0.06666666666666667,62.95,2.316666666666667,0.0,6.066666666666666,8.5,0.0,0.2864174482924483,0.0,0.7135825517075518,0.0003552131662380952,0.0,0.04412832421420608,0.07466923494473504,1.7029964784945837,0.08636881510416666,0.0387939453125,0.03538998428966597,0.04988531461747751,0.0451232418224275,0.023784913130827538,0.8329260122065979,0.10366448309462052,0.0,0.44712948474397307,0.00907759614278015,60-120,home,120,125.00000000003354,2.447124481201172
90.5,64,1,98.304,0.0,0.1,3.0,0.0,125.0,0.1,0.06666666666666667,59.96666666666667,2.4833333333333334,0.0,6.466666666666667,8.85,0.0,0.2847876796406208,0.0,0.7152123203593791,0.00035746778131872986,0.0,0.04701657935516205,0.07369990229015519,1.5660680740296418,0.08095296223958333,0.033984375,0.03553939582909363,0.04987985907758648,0.04532961453272389,0.023209970024755406,0.8274495095534482,0.10350289911006841,0.0,0.42226041912427903,0.008807662951286504,60-120,home,120,125.00000000003331,2.5730514526367188
90.5,64,0,98.304,0.0,0.2,3.0,0.0,125.0,0.1,0.06666666666666667,35.55,1.2166666666666666,0.0,6.683333333333334,7.816666666666666,0.0,0.1528003478003478,0.0,0.8471996521996522,0.00034719486341807634,0.0,0.027304694415596027,0.048378676506988114,1.7547156386170428,0.08442789713541667,0.03705240885416667,0.03462710573524738,0.04983613403938476,0.04670879074477234,0.016371872577763492,0.789477391784311,0.1023770089910463,0.5545177444479562,0.4454069397695904,0.0063886299159727844,60-120,home,120,125.00000000003496,2.4307379722595215
90.5,64,1,98.304,0.0,0.2,3.0,0.0,125.0,0.1,0.06666666666666667,34.333333333333336,1.6166666666666667,0.0,7.216666666666667,8.6,0.0,0.18553724053724052,0.0,0.8144627594627595,0.00034874363800798975,0.0,0.030465626232618163,0.05677279634418675,1.8497543463781694,0.09341634114583333,0.04296061197916667,0.03476321585794553,0.049847764078584,0.04621437789335683,0.018314666945167556,0.8130836361160207,0.10276390060728394,0.48912912758050775,0.48506474646103004,0.007076786533676142,60-120,home,120,125.00000000003499,2.588904619216919
90.5,64,0,98.304,0.0,0.3,3.0,0.0,125.0,0.1,0.06666666666666667,27.3,0.8166666666666667,0.0,7.883333333333334,8.95,0.0,0.10036435786435786,0.0,0.8996356421356422,0.00034299035832821106,0.0,0.018685536128495123,0.039328261809434564,2.101644823731918,0.08843587239583334,0.04364013671875,0.034214929288514405,0.049824593665445116,0.047068963404177024,0.013739733003375294,0.7632724821433211,0.10208356326667369,0.0,0.4921442880727784,0.005610788527582044,60-120,home,120,125.00000000003601,2.6002614498138428
90.5,64,1,98.304,0.0,0.3,3.0,0.0,125.0,0.1,0.06666666666666667,25.05,0.75,0.0,7.433333333333334,8.2,0.0,0.09404035779035778,0.0,0.9059596422096423,0.00034145550520648684,0.0,0.016165048387808245,0.03453703787758019,2.1149823345558927,0.09017740885416667,0.04523111979166667,0.03410270194758056,0.04980947875160035,0.04757353013223987,0.010457367789048074,0.8139396860955348,0.10169555557640986,0.0,0.5026305298719553,0.003728527770789029,60-120,home,120,125.00000000003615,2.5044567584991455
90.5,64,0,98.304,0.0,0.5,3.0,0.0,125.0,0.1,0.06666666666666667,15.933333333333334,0.48333333333333334,0.0,7.833333333333333,8.366666666666667,0.0,0.05474562474562474,0.0,0.9452543752543753,0.00033885272869752414,0.0,0.01083340480054693,0.026799092119375072,2.47342849885825,0.10439046223958333,0.05608723958333333,0.03384690855202042,0.049807369932731625,0.047732430934413386,0.00957877652710112,0.7292231892124471,0.10155469899284943,0.6358366166258949,0.5888419301840468,0.004379749894298668,60-120,home,120,125.00000000003682,2.582977771759033
90.5,64,1,98.304,0.0,0.5,3.0,0.0,125.0,0.1,0.06666666666666667,15.583333333333334,0.5666666666666667,0.0,7.916666666666667,8.4,0.0,0.061554510304510306,0.0,0.9384454896954896,0.00033890320468694734,0.0,0.011467659872319713,0.02938156396233029,2.5507932825085082,0.09639078776041667,0.052412923177083334,0.033872495105080204,0.04981049207927182,0.04752382438945362,0.010436979453347445,0.7759033101322438,0.1017226052465107,0.0,0.5687515634133359,0.004234437873250844,60-120,home,120,125.00000000003612,2.397954225540161
90.5,64,0,98.304,0.0,0.8,3.0,0.0,125.0,0.1,0.06666666666666667,9.4,0.3,0.0,7.566666666666666,7.933333333333334,0.0,0.03725859788359789,0.0,0.962741402116402,0.00033642646011919526,0.0,0.0064142353092670355,0.020592763895441936,3.155529593026435,0.09984944661458334,0.05688069661458333,0.0336357156611175,0.04979982874315962,0.04809524490753838,0.00753665143891825,0.7664565278636121,0.10129518340353141,0.0,0.6180998348192799,0.0028930890075741346,60-120,home,120,125.00000000003739,2.348813533782959
90.5,64,1,98.304,0.0,0.8,3.0,0.0,125.0,0.1,0.06666666666666667,10.066666666666666,0.26666666666666666,0.0,7.65,7.933333333333334,0.0,0.0344552207052207,0.0,0.9655447792947793,0.00033657049587412666,0.0,0.006404527042495995,0.018958243349924336,2.9003442130896784,0.10325927734375,0.058821614583333334,0.033637660079480235,0.049798151309659464,0.04822083958723434,0.006979631171276082,0.7619175612212753,0.10119916620006476,0.0,0.6146216888426832,0.002896401995123869,60-120,home,120,125.000000000037,2.49252986907959
90.5,64,0,98.304,0.0,1.2,3.0,0.0,125.0,0.1,0.06666666666666667,6.933333333333334,0.21666666666666667,0.0,7.75,7.983333333333333,0.0,0.029557479557479557,0.0,0.9704425204425203,0.0003355330635543376,0.0,0.0047324349654049745,0.01659723935536352,3.3378114643513728,0.08975423177083333,0.056591796875,0.03355668686762804,0.049796599886011296,0.04820724502078362,0.006359016822929277,0.7617543686456592,0.10120443690547937,0.0,0.6254719096200022,0.0025474677631060244,60-120,home,120,125.0000000000371,2.5385963916778564
90.5,64,1,98.304,0.0,1.2,3.0,0.0,125.0,0.1,0.06666666666666667,6.333333333333333,0.18333333333333332,0.0,8.0,8.15,0.0,0.02091991341991342,0.0,0.9790800865800865,0.00033604966131247494,0.0,0.005161459620254975,0.015432644565256056,3.0287753555300925,0.09195963541666667,0.0466064453125,0.033578853151476205,0.049797083156695,0.04850195924310226,0.006522316197740229,0.7394288157179604,0.10100473453065134,0.0,0.5853424706027486,0.002663918447562169,60-120,home,120,125.00000000003757,2.6251680850982666
90.5,64,0,0.0,0.0,0.0,0.0,0.0,125.0,0.1,0.06666666666666667,19.083333333333332,8.3,0.0,0.0,8.216666666666667,0.0,1.0,0.0,0.0,0.00456159360715567,0.0,0.1638550237975318,0.2544335919865821,1.5471413565095742,0.1236572265625,0.06698404947916667,0.1971380550703565,1.0,1.0,0.08914985567553978,0.8944152055595433,0.11884287582786726,1.1280315422148786,0.5641148634326333,0.042292826720287335,60-120,dishome,120,125.00000000002498,2.2500765323638916
90.5,64,1,0.0,0.0,0.0,0.0,0.0,125.0,0.1,0.06666666666666667,17.25,8.866666666666667,0.0,0.0,8.866666666666667,0.0,1.0,0.0,0.0,0.005590621725406164,0.0,0.17860126378045044,0.2906130766198806,1.6242491157314902,0.12750651041666666,0.07118733723958333,0.21187133077874737,1.0,1.0,0.09463861147368155,0.9154459930437685,0.12024070043267009,1.0615944959484809,0.5852046007406815,0.044122127733048,60-120,dishome,120,125.0000000000245,2.4453046321868896
90.5,64,0,9.8304,0.0,0.0,0.3,0.0,125.0,0.1,0.06666666666666667,23.783333333333335,8.683333333333334,0.0,0.0,8.666666666666666,0.0,1.0,0.0,0.0,0.003678140882703838,0.0,0.1701462566562235,0.26748661040333577,1.5677124497822612,0.12302652994791667,0.066162109375,0.15450937209462975,0.7411463023686682,0.6996318239804206,0.10028477406914973,0.8681336546055867,0.11948219528050773,1.5987277381936886,0.5693297045152497,0.04990636185477202,60-120,dishome,120,125.00000000002478,2.4794933795928955
90.5,64,1,9.8304,0.0,0.0,0.3,0.0,125.0,0.1,0.06666666666666667,24.516666666666666,8.016666666666667,0.0,0.0,7.866666666666666,0.0,1.0,0.0,0.0,0.0031549271270783527,0.0,0.16598073759459664,0.230852481843469,1.388315747567219,0.11855875651041667,0.057295735677083334,0.1526506568577033,0.741073010095742,0.7047579220233949,0.0884426628873206,0.8583723475462293,0.11697597755286784,0.8117480203791619,0.5238639663683345,0.044117905474917535,60-120,dishome,120,125.00000000002473,2.4552571773529053
90.5,64,0,22.9376,0.0,0.0,0.7,0.0,125.0,0.1,0.06666666666666667,36.43333333333333,7.85,0.0,0.0,7.816666666666666,0.0,1.0,0.0,0.0,0.002128090152374409,0.0,0.16854078984435342,0.22740626070222808,1.3523133770428115,0.11231689453125,0.05731201171875,0.11223954744643813,0.4972926592048695,0.44524762250249383,0.07867843865377867,0.8867086811833886,0.11618208164580247,1.4206587843248293,0.49810059978411875,0.036430899928434506,60-120,dishome,120,125.00000000002498,2.485837459564209
90.5,64,1,22.9376,0.0,0.0,0.7,0.0,125.0,0.1,0.06666666666666667,41.233333333333334,8.65,0.0,0.0,8.7,0.0,1.0,0.0,0.0,0.0021375408760347017,0.0,0.1752802186747162,0.24138252862993922,1.3717201016449974,0.11041666666666666,0.05419514973958333,0.1148004808575457,0.49745716788027694,0.44179645998497985,0.08672269335176358,0.8685785129499877,0.11735611825457665,1.23775548137454,0.5028575947362401,0.04209138048607655,60-120,dishome,120,125.00000000002407,2.3210067749023438
90.5,64,0,32.768,0.0,0.0,1.0,0.0,125.0,0.1,0.06666666666666667,57.266666666666666,8.533333333333333,0.0,0.0,8.533333333333333,0.0,1.0,0.0,0.0,0.0015285132049660346,0.0,0.1761352053227742,0.22167267615023276,1.2587173399337268,0.11431477864583334,0.04907633463541667,0.0934800159641948,0.3689696160685962,0.31938029319995365,0.08109980002627555,0.8733682917699099,0.11484156773229683,1.6644184652278642,0.4871712894011962,0.03968168956387827,60-120,dishome,120,125.00000000002437,2.5025742053985596
90.5,64,1,32.768,0.0,0.0,1.0,0.0,125.0,0.1,0.06666666666666667,53.45,8.483333333333333,0.0,0.0,8.3,0.0,1.0,0.0,0.0,0.001545604558081224,0.0,0.17773763273707835,0.23353933691427436,1.3130162947064359,0.12757161458333333,0.05860595703125,0.09279467418735463,0.3696267167004988,0.3083697497697544,0.10055070794178068,0.827970857809495,0.11839151542851044,2.166085197631818,0.5181495253258742,0.052524379790905934,60-120,dishome,120,125.00000000002478,2.5227017402648926
90.5,64,0,49.152,0.0,0.0,1.5,0.0,125.0,0.1,0.06666666666666667,93.76666666666667,7.966666666666667,0.0,0.0,8.083333333333334,0.0,1.0,0.0,0.0,0.0008559837883861249,0.0,0.1626385118987039,0.17990356831931067,1.1039520672139436,0.09195556640625,0.037613932291666666,0.06696146012189437,0.22419911618060884,0.18699821669577157,0.06944126618184562,0.851515255951432,0.11255655411675515,1.595800466185113,0.4166534232935606,0.03386741316862364,60-120,dishome,120,125.00000000002498,2.565509796142578
90.5,64,1,49.152,0.0,0.0,1.5,0.0,125.0,0.1,0.06666666666666667,85.95,7.666666666666667,0.0,0.0,7.666666666666667,0.0,1.0,0.0,0.0,0.0008696067892528987,0.0,0.16091701509352632,0.17870573355459193,1.111076921522909,0.09971110026041667,0.03875732421875,0.06661010108747177,0.22422105322404726,0.18818192110860144,0.0688174035114506,0.8197912046072319,0.11204143494873134,0.6079370093997006,0.43042322128091043,0.0350618862191092,60-120,dishome,120,125.00000000002521,2.5024566650390625
90.5,64,0,65.536,0.0,0.0,2.0,0.0,125.0,0.1,0.06666666666666667,129.13333333333333,7.983333333333333,0.0,0.0,8.066666666666666,0.0,1.0,0.0,0.0,0.0006034233212078916,0.0,0.16524336043770835,0.1654484906266861,0.9982681405169492,0.08363037109375,0.02750244140625,0.05397846622558089,0.13634814523843522,0.11067751021205588,0.06478251032795061,0.8228247333583157,0.11087636356111578,1.1918119519125965,0.38161792461325816,0.03225350484524324,60-120,dishome,120,125.00000000002503,2.567577600479126
90.5,64,1,65.536,0.0,0.0,2.0,0.0,125.0,0.1,0.06666666666666667,134.95,8.5,0.0,0.0,8.316666666666666,0.0,1.0,0.0,0.0,0.0006056156699538372,0.0,0.167260438714937,0.16334808341161264,0.9748560883081183,0.07336018880208334,0.023734537760416667,0.054554105274006046,0.1360496976339281,0.11404816358925575,0.056147241819772105,0.8401469841058987,0.10933232968707564,0.06931471805599453,0.3526404064134183,0.026010148413515514,60-120,dishome,120,125.00000000002456,2.603355884552002
90.5,64,0,98.304,0.0,0.0,3.0,0.0,125.0,0.1,0.06666666666666667,202.03333333333333,7.983333333333333,0.0,0.0,8.516666666666667,0.0,1.0,0.0,0.0,0.0004161174943050228,0.0,0.16233152948164858,0.13749488616285666,0.8463441798864825,0.04788411458333333,0.015372721354166667,0.041000672922304866,0.050098323567624135,0.04208818690161942,0.04396483139854875,0.8279688239422515,0.10641237171326388,1.2348674050922936,0.2831902629506679,0.018084252510173465,60-120,dishome,120,125.00000000002545,2.6376700401306152
90.5,64,1,98.304,0.0,0.0,3.0,0.0,125.0,0.1,0.06666666666666667,205.75,9.0,0.0,0.0,8.566666666666666,0.0,1.0,0.0,0.0,0.0004191266542393338,0.0,0.16988351112640013,0.14969195200360305,0.8855129650647963,0.051680501302083334,0.016805013020833332,0.04130030162262908,0.05014851788326351,0.0413741493339475,0.04733246063926824,0.840436198685623,0.10707913442975098,1.2958754047521643,0.2969199484085895,0.019615997636220576,60-120,dishome,120,125.00000000002467,2.589632987976074
90.5,64,0,0.0,0.0,0.03333333333333333,0.0,0.0,125.0,0.1,0.06666666666666667,18.05,8.0,0.0,0.5166666666666667,8.25,0.0,0.9347381553631553,0.0,0.06526184463684463,0.004360399557283324,0.0,0.16292409296685723,0.23821202001920685,1.4590144097607125,0.11846110026041666,0.058695475260416664,0.1963205115023032,1.0,1.0,0.0888518922963916,0.8505361523229134,0.11642352560831079,0.9161529900194357,0.5309807870839233,0.04403053896121146,60-120,dishome,120,125.0000000000253,2.74818754196167
90.5,64,1,0.0,0.0,0.03333333333333333,0.0,0.0,125.0,0.1,0.06666666666666667,15.566666666666666,7.6,0.0,0.4166666666666667,7.883333333333334,0.0,0.9467797017797019,0.0,0.05322029822029821,0.004340366332247917,0.0,0.15304233532088476,0.24449252570896263,1.5921633457487308,0.11651204427083334,0.06225179036458333,0.18629535166644015,1.0,1.0,0.08420045863430246,0.8507067502113622,0.11595900151013264,1.461092761930083,0.5540835666550502,0.04107313315237728,60-120,dishome,120,125.00000000002564,2.618274688720703
90.5,64,0,9.8304,0.0,0.03333333333333333,0.3,0.0,125.0,0.1,0.06666666666666667,26.133333333333333,6.933333333333334,0.0,0.7333333333333333,7.816666666666666,0.0,0.9043434343434342,0.0,0.09565656565656568,0.0028837425683529527,0.0,0.14210715582291125,0.2177915318512966,1.5290425698237213,0.11234537760416667,0.059281412760416666,0.13544347081723343,0.7410363464616506,0.7080588200694169,0.08170034356043936,0.8469143673699103,0.11540732125246421,0.75768600596474,0.5422539995982762,0.0404168297141487,60-120,dishome,120,125.0000000000259,2.482853651046753
90.5,64,1,9.8304,0.0,0.03333333333333333,0.3,0.0,125.0,0.1,0.06666666666666667,22.35,7.2,0.0,0.8,7.8,0.0,0.9052126577126576,0.0,0.09478734228734229,0.003216993439510605,0.0,0.15048800494787926,0.2299414426654124,1.5231705533282747,0.11548258463541666,0.060693359375,0.1414613643336399,0.7410242034537176,0.7067117843995241,0.0797547550515256,0.8775924755037713,0.11608377992682986,1.4726985075695682,0.5272072988491999,0.0361104782789846,60-120,dishome,120,125.00000000002566,2.692854166030884
90.5,64,0,22.9376,0.0,0.03333333333333333,0.7,0.0,125.0,0.1,0.06666666666666667,38.166666666666664,6.733333333333333,0.0,1.1,8.25,0.0,0.8618653106153107,0.0,0.13813468938468937,0.0020020098420405396,0.0,0.1431343313733709,0.21158260522125316,1.4759830807887293,0.12282307942708333,0.062479654947916664,0.09991993066600664,0.4973290898677616,0.44702262080565397,0.08028622747444329,0.8657737089523511,0.1155233228052443,1.6040970982210043,0.5470411054542814,0.040287554590962185,60-120,dishome,120,125.00000000002618,2.7181944847106934
90.5,64,1,22.9376,0.0,0.03333333333333333,0.7,0.0,125.0,0.1,0.06666666666666667,40.36666666666667,7.183333333333334,0.0,1.3166666666666667,8.566666666666666,0.0,0.8442436498686497,0.0,0.1557563501313501,0.0019197097456260328,0.0,0.14393883419018824,0.21276951381937245,1.4783410662093184,0.11219482421875,0.055891927083333334,0.1004279108293202,0.49738780592265536,0.44621906221096425,0.08362723085966293,0.8231613565314133,0.11590124554568164,1.0632773779711944,0.5142734903742595,0.04089851959270718,60-120,dishome,120,125.0000000000264,2.668053388595581
90.5,64,0,32.768,0.0,0.03333333333333333,1.0,0.0,125.0,0.1,0.06666666666666667,52.45,6.083333333333333,0.0,1.95,8.15,0.0,0.7599784937284936,0.0,0.2400215062715062,0.0012408017444574557,0.0,0.12833708310771566,0.1763535919571746,1.3729947246202003,0.10637613932291666,0.04855550130208333,0.07763039304761335,0.3685416781917153,0.3278152513968905,0.06326015970608868,0.8826276494564688,0.11217549026430311,1.112020422866229,0.4784115189507655,0.028073164842562514,60-120,dishome,120,125.0000000000272,2.789724826812744
90.5,64,1,32.768,0.0,0.03333333333333333,1.0,0.0,125.0,0.1,0.06666666666666667,51.266666666666666,5.983333333333333,0.0,1.9,7.866666666666666,0.0,0.753727785372522,0.0,0.24627221462747775,0.0012213773947547905,0.0,0.12604493189688393,0.1693155132585121,1.3417303010822919,0.10715738932291667,0.04839274088541667,0.07674527375964238,0.36867072493669173,0.32588879257811715,0.06790499451017888,0.8291054034455693,0.1127226342521541,1.5209696889548343,0.4821185161647478,0.032666961907685185,60-120,dishome,120,125.00000000002746,2.748030662536621
90.5,64,0,49.152,0.0,0.03333333333333333,1.5,0.0,125.0,0.1,0.06666666666666667,80.46666666666667,6.016666666666667,0.0,2.6333333333333333,8.483333333333333,0.0,0.6919743913493914,0.0,0.30802560865060863,0.00072529038667298,0.0,0.11871003605605378,0.14632701494464442,1.2308994836541485,0.08680419921875,0.033915201822916664,0.058235390101679066,0.22379015863236143,0.19705771801027794,0.05532890507671741,0.8101723774134088,0.10900497256901066,1.526872844281903,0.4091393151831398,0.02481553938522236,60-120,dishome,120,125.00000000002788,2.772620677947998
90.5,64,1,49.152,0.0,0.03333333333333333,1.5,0.0,125.0,0.1,0.06666666666666667,74.56666666666666,5.066666666666666,0.0,2.55,7.683333333333334,0.0,0.673936488348253,0.0,0.32606351165174696,0.0006946086097723756,0.0,0.11051018370013276,0.13605600012564506,1.2296475895595056,0.08859456380208333,0.03509521484375,0.05656533675006438,0.22368790933879631,0.19826778023702582,0.05062497927255597,0.8320350969613263,0.10844312185723891,1.1772208062900311,0.42298657011163676,0.023125036387843696,60-120,dishome,120,125.00000000002817,2.756577253341675
90.5,64,0,65.536,0.0,0.03333333333333333,2.0,0.0,125.0,0.1,0.06666666666666667,90.16666666666667,4.3,0.0,3.15,7.766666666666667,0.0,0.5713465238465237,0.0,0.4286534761534761,0.0004834341659730334,0.0,0.08811131587638323,0.10918181545061802,1.2418353360019196,0.08042805989583333,0.029349772135416667,0.044623155002970975,0.1356335573196978,0.1215943037339698,0.03633279168508952,0.8361187794990299,0.1058276631739403,0.8394864995569538,0.3964159920378959,0.01575815312033148,60-120,dishome,120,125.00000000002963,2.747986316680908
90.5,64,1,65.536,0.0,0.03333333333333333,2.0,0.0,125.0,0.1,0.06666666666666667,93.15,4.816666666666666,0.0,3.566666666666667,8.333333333333334,0.0,0.5834718671851024,0.0,0.4165281328148975,0.0005032221159486693,0.0,0.10121469497448733,0.11580121001581137,1.1437113613662144,0.07904052734375,0.028609212239583334,0.04632633281670573,0.13566442585591024,0.12046590402307868,0.03861903611370616,0.8409228915622685,0.10633657339630578,1.5486175765222299,0.37486045661007894,0.016366129060527344,60-120,dishome,120,125.00000000002916,2.7503647804260254
90.5,64,0,98.304,0.0,0.03333333333333333,3.0,0.0,125.0,0.1,0.06666666666666667,112.86666666666666,4.316666666666666,0.0,3.6,7.9,0.0,0.5434816572316573,0.0,0.4565183427683427,0.0003802575161303092,0.0,0.09058648774411121,0.10236181735202189,1.1290565147575722,0.06514892578125,0.022281901041666666,0.03758580660701485,0.04999076717671574,0.043431196766028066,0.03465224769899918,0.8250294864139199,0.10514143859436095,0.3234686842613078,0.3423679951617397,0.014194622445961012,60-120,dishome,120,125.00000000002963,2.972222089767456
90.5,64,1,98.304,0.0,0.03333333333333333,3.0,0.0,125.0,0.1,0.06666666666666667,121.43333333333334,4.166666666666667,0.0,4.2,8.616666666666667,0.0,0.5012573075073076,0.0,0.4987426924926925,0.00037804000333933776,0.0,0.08658218813197907,0.10128933986676776,1.168796345251359,0.06689860026041666,0.02437744140625,0.03739601614408139,0.049979318384230496,0.043586514221543624,0.03397227260584728,0.8201213061413767,0.10498874696736624,0.33328393723267313,0.3490110964788097,0.01395208136539999,60-120,dishome,120,125.00000000003008,2.6169354915618896
90.5,64,0,0.0,0.0,0.06666666666666667,0.0,0.0,125.0,0.1,0.06666666666666667,17.5,7.05,0.0,1.2333333333333334,8.45,0.0,0.8625484724826828,0.0,0.13745152751731698,0.0039633542225493545,0.0,0.1489637690659063,0.2192517758492525,1.4696152736919965,0.12255045572916666,0.0593017578125,0.18232807285058453,1.0,1.0,0.0798656615122974,0.8685050679361134,0.11526042561754833,0.9551721576986807,0.5395002193307991,0.03885806773089115,60-120,dishome,120,125.00000000002612,2.603771924972534
90.5,64,1,0.0,0.0,0.06666666666666667,0.0,0.0,125.0,0.1,0.06666666666666667,17.833333333333332,6.9,0.0,1.5166666666666666,8.333333333333334,0.0,0.8071605417000154,0.0,0.19283945829998464,0.003698196609972591,0.0,0.14455330755449816,0.2114723046760711,1.4567202528600958,0.10943196614583334,0.05602620442708333,0.1779830740483081,1.0,1.0,0.07479631463809684,0.8604472446413526,0.11455700821047446,0.4361615637413754,0.5107804012045929,0.03494464703158575,60-120,dishome,120,125.00000000002608,2.656475782394409
90.5,64,0,9.8304,0.0,0.06666666666666667,0.3,0.0,125.0,0.1,0.06666666666666667,21.75,6.766666666666667,0.0,1.5666666666666667,8.2,0.0,0.8189767639767639,0.0,0.18102323602323603,0.0029223664071927574,0.0,0.14020983619290428,0.22143563497599772,1.5773094606857407,0.12017415364583334,0.06469319661458334,0.1339366775877019,0.7410411094052719,0.7062081980353708,0.08250206529002903,0.8551568674516196,0.11628607635723126,1.2297930946855415,0.5584830701185282,0.04013849643739152,60-120,dishome,120,125.0000000000265,2.7191851139068604
90.5,64,1,9.8304,0.0,0.06666666666666667,0.3,0.0,125.0,0.1,0.06666666666666667,19.083333333333332,6.316666666666666,0.0,1.2666666666666666,7.633333333333334,0.0,0.8285295886031179,0.0,0.171470411396882,0.003125518485769196,0.0,0.1398506503243756,0.22730661991410536,1.6276338839345332,0.128955078125,0.0750244140625,0.1334527979336256,0.741031843505168,0.7036221279034909,0.08081783481206734,0.9048960663988985,0.11746297507695683,0.5995518991843399,0.5900625462757962,0.0390246559911096,60-120,dishome,120,125.00000000002677,2.467162847518921
90.5,64,0,22.9376,0.0,0.06666666666666667,0.7,0.0,125.0,0.1,0.06666666666666667,31.5,6.533333333333333,0.0,1.7666666666666666,8.316666666666666,0.0,0.7836605088810971,0.0,0.21633949111890285,0.002106127757422067,0.0,0.12766368690621338,0.24437267157788767,1.9142953539723462,0.12331136067708333,0.07693277994791667,0.09081305660059526,0.49752939405269003,0.4354789193815136,0.09107669369336652,0.8859212424827068,0.11943064601041296,1.1390326215171098,0.6319852420162356,0.04271553553849068,60-120,dishome,120,125.00000000002734,2.6566383838653564
90.5,64,1,22.9376,0.0,0.06666666666666667,0.7,0.0,125.0,0.1,0.06666666666666667,33.68333333333333,5.616666666666666,0.0,2.3333333333333335,8.166666666666666,0.0,0.6675637788137787,0.0,0.3324362211862212,0.0017444977331139964,0.0,0.12235253946172493,0.20172708155431038,1.6452964443432683,0.12403157552083334,0.06795654296875,0.089577199844724,0.4974247175906133,0.4426084641028948,0.0842101355624751,0.8594389926165023,0.11699509212735264,1.0702826037920528,0.5798810368391272,0.04197298753220938,60-120,dishome,120,125.00000000002788,2.5987863540649414
90.5,64,0,32.768,0.0,0.06666666666666667,1.0,0.0,125.0,0.1,0.06666666666666667,47.85,5.683333333333334,0.0,2.8833333333333333,8.166666666666666,0.0,0.6551918451918451,0.0,0.3448081548081548,0.0012131099509616217,0.0,0.11054784749247508,0.17808881845043534,1.6046155904910493,0.11968994140625,0.06748453776041667,0.07060875359182792,0.3687257649511065,0.3200838156080881,0.07004357171947628,0.8705806539999188,0.11449507842725819,0.8466124214071351,0.5654732331882482,0.03367771538424198,60-120,dishome,120,125.00000000002856,2.6674656867980957
90.5,64,1,32.768,0.0,0.06666666666666667,1.0,0.0,125.0,0.1,0.06666666666666667,43.916666666666664,4.883333333333334,0.0,3.2666666666666666,8.166666666666666,0.0,0.5900997150997151,0.0,0.40990028490028485,0.001054636451432986,0.0,0.10035535675213324,0.14429761812918357,1.4347025189695504,0.10866292317708333,0.04923095703125,0.06802216035554888,0.36851625571355234,0.3326099491510028,0.06026773342603709,0.8096800905656613,0.11053821733349176,0.05776226504666211,0.5049046658150355,0.030258064019648145,60-120,dishome,120,125.00000000002908,2.7812159061431885
90.5,64,0,49.152,0.0,0.06666666666666667,1.5,0.0,125.0,0.1,0.06666666666666667,66.43333333333334,4.083333333333333,0.0,4.416666666666667,8.383333333333333,0.0,0.4775125337625337,0.0,0.5224874662374662,0.000626538442290451,0.0,0.081312660345695,0.11358731502319802,1.391138460413063,0.09564208984375,0.041650390625,0.050419793967992024,0.22354078377876227,0.201557917178172,0.04233173237608097,0.812745340345833,0.1072035013085901,0.4158883083359672,0.4641938243246257,0.02028769402548965,60-120,dishome,120,125.00000000003033,2.769803047180176
90.5,64,1,49.152,0.0,0.06666666666666667,1.5,0.0,125.0,0.1,0.06666666666666667,59.7,4.116666666666666,0.0,4.016666666666667,8.183333333333334,0.0,0.4982350982350982,0.0,0.5017649017649018,0.000621204559386229,0.0,0.0843305093597467,0.1158845932823354,1.3733614661093954,0.0926025390625,0.03848063151041667,0.05117082093886961,0.22347191359467378,0.2034850378339444,0.04005097310525971,0.8375105477616867,0.10660205126173211,0.5710907492211242,0.43709091680926215,0.01711779319130181,60-120,dishome,120,125.00000000003006,2.972003221511841
90.5,64,0,65.536,0.0,0.06666666666666667,2.0,0.0,125.0,0.1,0.06666666666666667,69.65,2.9,0.0,4.65,7.766666666666667,0.0,0.38019364894364893,0.0,0.6198063510563511,0.00043998864730239836,0.0,0.06370075422518634,0.08118554191782128,1.2766772026541544,0.07631022135416667,0.030708821614583333,0.041574438879386416,0.13553799971267114,0.1245021265180781,0.0291470830712086,0.7729931485762217,0.10450169511038472,0.5998589564663024,0.3912136742293166,0.01346032748058365,60-120,dishome,120,125.00000000003148,2.7043848037719727
90.5,64,1,65.536,0.0,0.06666666666666667,2.0,0.0,125.0,0.1,0.06666666666666667,73.28333333333333,3.3333333333333335,0.0,4.75,8.066666666666666,0.0,0.39607549857549856,0.0,0.6039245014245013,0.0004464628105111007,0.0,0.0644164037833275,0.09192267730415013,1.4292494339282582,0.0823974609375,0.03435465494791667,0.04160710891762626,0.135550180458333,0.12445436337879531,0.030788080504046095,0.7994603768208465,0.10459040490723935,0.8032342599830621,0.4208684263977072,0.013043891122196751,60-120,dishome,120,125.00000000003146,2.719660758972168
90.5,64,0,98.304,0.0,0.06666666666666667,3.0,0.0,125.0,0.1,0.06666666666666667,77.5,3.2,0.0,4.733333333333333,7.633333333333334,0.0,0.38975228475228474,0.0,0.6102477152477153,0.0003661578930955328,0.0,0.0644353605905069,0.08547527768142753,1.324410009908187,0.07474365234375,0.027982584635416665,0.036360087415584476,0.049919722969230466,0.04460018927967381,0.02814360557497734,0.819393469719134,0.10412410220994388,1.092914185235356,0.379947178030838,0.011116091184892117,60-120,dishome,120,125.00000000003189,2.7996461391448975
90.5,64,1,98.304,0.0,0.06666666666666667,3.0,0.0,125.0,0.1,0.06666666666666667,81.75,2.95,0.0,5.6,8.283333333333333,0.0,0.34937703228144407,0.0,0.650622967718556,0.0003671951050261438,0.0,0.06518771566485403,0.08476106644703961,1.3012592460531478,0.069140625,0.0259765625,0.036410825094777874,0.049908408277734864,0.044901727499801876,0.028072183461961386,0.8447679089636261,0.1039111716040648,0.0828302216596,0.36164495654015955,0.010087269032059216,60-120,dishome,120,125.00000000003182,2.866865396499634
90.5,64,0,0.0,0.0,0.1,0.0,0.0,125.0,0.1,0.06666666666666667,16.35,7.083333333333333,0.0,1.8166666666666667,8.95,0.0,0.7743244426139164,0.0,0.2256755573860837,0.004410918697074601,0.0,0.14491511393086476,0.2539748900631152,1.7398276813532276,0.12821858723958332,0.073388671875,0.17813990685487915,1.0,1.0,0.09311113774769784,0.8691259189931021,0.11908037329732055,1.7165916682205025,0.6043714961516818,0.04475647889585191,60-120,dishome,120,125.00000000002686,3.2537732124328613
90.5,64,1,0.0,0.0,0.1,0.0,0.0,125.0,0.1,0.06666666666666667,15.383333333333333,7.05,0.0,1.5833333333333333,8.6,0.0,0.8175037462537461,0.0,0.18249625374625375,0.004072014244171899,0.0,0.14756007893833387,0.2299870114055978,1.552176647474627,0.11858317057291666,0.060502115885416666,0.18094624796475486,1.0,1.0,0.07564689645848484,0.892530271021801,0.11526744443619724,0.2079441541679836,0.5451883135004307,0.034913188923707525,60-120,dishome,120,125.00000000002638,4.298725605010986
90.5,64,0,9.8304,0.0,0.1,0.3,0.0,125.0,0.1,0.06666666666666667,22.566666666666666,6.25,0.0,2.1666666666666665,8.5,0.0,0.750306499056499,0.0,0.24969350094350093,0.0028572023074481907,0.0,0.12848219349862391,0.23467942073583492,1.8241588720981128,0.12399495442708333,0.07334391276041667,0.12483789140010068,0.7410591133705181,0.703249923778116,0.08636370027560836,0.8726239453518239,0.11771148216713968,0.9203077566707075,0.6051030314105489,0.04073733186794192,60-120,dishome,120,125.00000000002751,2.6603407859802246
90.5,64,1,9.8304,0.0,0.1,0.3,0.0,125.0,0.1,0.06666666666666667,20.733333333333334,6.433333333333334,0.0,2.2,8.3,0.0,0.7420379157879158,0.0,0.2579620842120842,0.0031293862454322566,0.0,0.13454441728896055,0.2213781947926649,1.6392367084468078,0.12213134765625,0.06810709635416666,0.12947370005524392,0.7410596836916935,0.7028681875049839,0.086113383325334,0.8740493274799291,0.11786500984227402,1.7264537368366966,0.5841266351587381,0.041521569555956046,60-120,dishome,120,125.0000000000271,2.6210455894470215
90.5,64,0,22.9376,0.0,0.1,0.7,0.0,125.0,0.1,0.06666666666666667,33.916666666666664,4.966666666666667,0.0,3.066666666666667,8.35,0.0,0.6062728012728013,0.0,0.3937271987271987,0.001587212162482398,0.0,0.10306761934923517,0.17146572515098477,1.6585218347167539,0.11357014973958333,0.06110432942708333,0.08179069294675098,0.4969920855940274,0.45844367075211595,0.059722245312653355,0.8765627944080135,0.11187912158405298,0.9904882598392656,0.5541643313742746,0.026198558610353983,60-120,dishome,120,125.000000000029,2.5235512256622314
90.5,64,1,22.9376,0.0,0.1,0.7,0.0,125.0,0.1,0.06666666666666667,32.65,4.733333333333333,0.0,3.533333333333333,8.25,0.0,0.5728071465571465,0.0,0.4271928534428534,0.0014554070420433492,0.0,0.09463497779912103,0.16305187603531804,1.7190754689830492,0.11783447265625,0.06468912760416666,0.0774912199515586,0.4971120992837649,0.4541446170088531,0.06722953105031673,0.839830495445873,0.11322011300709209,0.0,0.5697105845929453,0.03213013624283457,60-120,dishome,120,125.00000000002913,2.8239798545837402
90.5,64,0,32.768,0.0,0.1,1.0,0.0,125.0,0.1,0.06666666666666667,44.9,3.8333333333333335,0.0,4.583333333333333,8.466666666666667,0.0,0.44290632978132977,0.0,0.5570936702186702,0.0009237797793757507,0.0,0.07778397604190726,0.1266355928062771,1.6249431831910515,0.10710856119791666,0.053324381510416664,0.060339864357163146,0.3683127453191141,0.33725343638668487,0.050633026952314135,0.8212635512468812,0.10911047734710738,0.23104906018664842,0.5168921328524076,0.023679575011750265,60-120,dishome,120,125.00000000003031,2.766636371612549
90.5,64,1,32.768,0.0,0.1,1.0,0.0,125.0,0.1,0.06666666666666667,40.71666666666667,4.183333333333334,0.0,3.8333333333333335,7.85,0.0,0.5215976615976616,0.0,0.47840233840233837,0.0009583330546612691,0.0,0.08356977588086845,0.1361100723547067,1.615702959686082,0.10308430989583334,0.05209554036458333,0.062100311886120856,0.3684451540344982,0.3326579231542805,0.05730889520869125,0.802482188874214,0.11054714158391293,1.228069221271411,0.5210641082432366,0.02758323381110665,60-120,dishome,120,125.00000000002969,2.6310458183288574
90.5,64,0,49.152,0.0,0.1,1.5,0.0,125.0,0.1,0.06666666666666667,54.96666666666667,2.5,0.0,5.466666666666667,7.95,0.0,0.3111100936100936,0.0,0.6888899063899065,0.0005085346818733743,0.0,0.051956628723605784,0.0822118277227408,1.581993157199776,0.08342692057291666,0.03553466796875,0.044443069764897584,0.2232970081668901,0.2107547123411049,0.027688260314291554,0.8291605580919331,0.10413791358790356,0.36008909388357807,0.42905864042296515,0.01075316764063558,60-120,dishome,120,125.00000000003274,2.848095655441284
90.5,64,1,49.152,0.0,0.1,1.5,0.0,125.0,0.1,0.06666666666666667,54.2,3.15,0.0,5.383333333333334,8.466666666666667,0.0,0.3677577392650922,0.0,0.6322422607349077,0.0005692535628939432,0.0,0.06350810078700889,0.10379432209618258,1.6305332353680746,0.1044677734375,0.0493408203125,0.04665304207159118,0.2234668724413155,0.20209019788155605,0.039264340402664695,0.8379279136290868,0.10703647126754508,1.0722240309235762,0.48735440356055904,0.016758407123244643,60-120,dishome,120,125.0000000000321,2.5713984966278076
90.5,64,0,65.536,0.0,0.1,2.0,0.0,125.0,0.1,0.06666666666666667,62.516666666666666,2.65,0.0,6.066666666666666,8.666666666666666,0.0,0.30470314407814403,0.0,0.6952968559218559,0.0004271106755965201,0.0,0.05420073912862318,0.08071276139250358,1.4861511492435246,0.08302815755208333,0.03424072265625,0.04032921425395734,0.13548820865399697,0.12587197113317852,0.02621191967322888,0.8322236537516143,0.10397386493538614,0.1039720770839918,0.42331923941863064,0.010308630427393882,60-120,dishome,120,125.00000000003263,3.206291913986206
90.5,64,1,65.536,0.0,0.1,2.0,0.0,125.0,0.1,0.06666666666666667,54.61666666666667,2.566666666666667,0.0,5.6,8.033333333333333,0.0,0.30678617678617676,0.0,0.6932138232138232,0.00041912600124515814,0.0,0.05043283242213127,0.07904813398755071,1.5676933778703983,0.08673909505208334,0.03649495442708333,0.03981862895412117,0.13549625873657237,0.12552721657868934,0.026941077569405728,0.8234249165000158,0.10411490376071339,0.31191623125197526,0.43609812095086087,0.010735297322881266,60-120,dishome,120,125.00000000003313,3.42871356010437
90.5,64,0,98.304,0.0,0.1,3.0,0.0,125.0,0.1,0.06666666666666667,62.95,2.316666666666667,0.0,6.066666666666666,8.5,0.0,0.2864174482924483,0.0,0.7135825517075518,0.0003552131662380952,0.0,0.04412832421420608,0.07466923494473504,1.7029964784945837,0.08636881510416666,0.0387939453125,0.03538998428966597,0.04988531461747751,0.0451232418224275,0.023784913130827538,0.8329260122065979,0.10366448309462052,0.0,0.44712948474397307,0.00907759614278015,60-120,dishome,120,125.00000000003354,3.0153772830963135
90.5,64,1,98.304,0.0,0.1,3.0,0.0,125.0,0.1,0.06666666666666667,59.96666666666667,2.4833333333333334,0.0,6.466666666666667,8.85,0.0,0.2847876796406208,0.0,0.7152123203593791,0.00035746778131872986,0.0,0.04701657935516205,0.07369990229015519,1.5660680740296418,0.08095296223958333,0.033984375,0.03553939582909363,0.04987985907758648,0.04532961453272389,0.023209970024755406,0.8274495095534482,0.10350289911006841,0.0,0.42226041912427903,0.008807662951286504,60-120,dishome,120,125.00000000003331,2.6750905513763428
