n_criminals,crimes_that_day,B_mean,B_std,H,f_hot_2,f_hot_3,B_p90_over_mean,B_p95_over_mean,B_p99_over_mean,Atilde_mean,Atilde_cv,deterrence_mean,deterrence_hot,M_mean,M_cv,MB_corr,M_mass_on_hot10,crime_entropy,Gini_B,Gini_M,day,L,seed,chi,g,M_tot,eta_M,omega_M,kappa,h,T_max,stat_window,phase,branch,M_final_sum,wall_s
19.083333333333332,0.11666666666666667,0.1638550237975318,0.2544335919865821,1.5471413565095742,0.1236572265625,0.06698404947916667,2.3364745133788576,3.551222719588663,6.9730666777337165,0.1971380550703565,1.283808796881525,1.0,1.0,0.12207031250001972,0.08914985567553978,0.8944152055595433,0.11884287582786726,1.1280315422148786,0.5641148634326333,0.042292826720287335,90.5,64,0,0.0,0.0,500.0,0.1,0.06666666666666667,0.0,0.0,120,60-120,A,cold,500.00000000009993,1.989854335784912
23.783333333333335,0.11666666666666667,0.1701462566562235,0.26748661040333577,1.5677124497822612,0.12302652994791667,0.066162109375,2.326283553534706,3.518676685082108,6.860769664992829,0.15450937209462975,1.0924033298613762,0.7411463023686682,0.6996318239804206,0.12207031250001946,0.10028477406914973,0.8681336546055867,0.11948219528050773,1.5987277381936886,0.5693297045152497,0.04990636185477202,90.5,64,0,2.4576,0.3,500.0,0.1,0.06666666666666667,0.0,0.0,120,60-120,A,cold,500.00000000009913,1.9483234882354736
36.43333333333333,0.08333333333333333,0.16854078984435342,0.22740626070222808,1.3523133770428115,0.11231689453125,0.05731201171875,2.163132908172754,3.2355754385590747,6.147061460912842,0.11223954744643813,0.7725451106557967,0.4972926592048695,0.44524762250249383,0.12207031250001936,0.07867843865377867,0.8867086811833886,0.11618208164580247,1.4206587843248293,0.49810059978411875,0.036430899928434506,90.5,64,0,5.7344,0.7,500.0,0.1,0.06666666666666667,0.0,0.0,120,60-120,A,cold,500.00000000009993,1.9723327159881592
57.266666666666666,0.15,0.1761352053227742,0.22167267615023276,1.2587173399337268,0.11431477864583334,0.04907633463541667,2.1468728970961117,2.981464705251639,5.25918810992631,0.0934800159641948,0.6217552112630738,0.3689696160685962,0.31938029319995365,0.12207031250001907,0.08109980002627555,0.8733682917699099,0.11484156773229683,1.6644184652278642,0.4871712894011962,0.03968168956387827,90.5,64,0,8.192,1.0,500.0,0.1,0.06666666666666667,0.0,0.0,120,60-120,A,cold,500.0000000000975,2.002716302871704
93.76666666666667,0.08333333333333333,0.1626385118987039,0.17990356831931067,1.1039520672139436,0.09195556640625,0.037613932291666666,1.9202369503462398,2.6601129600379236,4.686051512203474,0.06696146012189437,0.38521322920641515,0.22419911618060884,0.18699821669577157,0.12207031250001954,0.06944126618184562,0.851515255951432,0.11255655411675515,1.595800466185113,0.4166534232935606,0.03386741316862364,90.5,64,0,12.288,1.5,500.0,0.1,0.06666666666666667,0.0,0.0,120,60-120,A,cold,500.00000000009993,2.059342384338379
202.03333333333333,0.1,0.16233152948164858,0.13749488616285666,0.8463441798864825,0.04788411458333333,0.015372721354166667,1.569511573361175,1.9712357034231451,3.560627802919437,0.041000672922304866,0.08837859825162658,0.050098323567624135,0.04208818690161942,0.12207031250002007,0.04396483139854875,0.8279688239422515,0.10641237171326388,1.2348674050922936,0.2831902629506679,0.018084252510173465,90.5,64,0,24.576,3.0,500.0,0.1,0.06666666666666667,0.0,0.0,120,60-120,A,cold,500.0000000001018,2.155439853668213
68.32777777777778,0.28888888888888886,0.16477343535050887,0.25613463324134095,1.553562777773894,0.12495930989583333,0.06609564887152777,2.332956895985021,3.4883889594859405,6.804189052803347,0.19811788373132974,1.292630839311835,1.0,1.0,0.030517578125002703,0.29211106759789707,0.8987139447493506,0.1587302429298901,2.6715673113024576,0.5634615580119152,0.13335264425995594,275.5,128,0,0,0.0,500.0,0.1,0.06666666666666667,0.0,0.0,365,185-365,B,cold,500.00000000004445,11.241672277450562
69.33333333333333,0.38333333333333336,0.1673900046466052,0.25469303911309044,1.5208781347273386,0.12330118815104167,0.06426459418402777,2.304794384182543,3.4340097389011985,6.65683041986097,0.20070389621977952,1.26580837562024,1.0,1.0,0.030517578125002626,0.29473073190415994,0.888281389410916,0.1579928560568286,2.9730049627472126,0.555121843447576,0.13667008405596823,275.5,128,1,0,0.0,500.0,0.1,0.06666666666666667,0.0,0.0,365,185-365,B,cold,500.0000000000442,11.361671686172485
83.50555555555556,0.24444444444444444,0.1643337678875705,0.24414299298667375,1.4850261058910819,0.12038709852430556,0.06239149305555555,2.2621023211493716,3.375926597402761,6.57050661385105,0.1785543477670434,1.0798407419519174,0.9128038483981025,0.8674620400905125,0.03051757812500269,0.28174047675396224,0.8949926158851724,0.15627155970519777,2.4177068809685047,0.5447518494373098,0.1293800306372309,275.5,128,0,3,0.091552734375,500.0,0.1,0.06666666666666667,0.0,0.0,365,185-365,B,cold,500.000000000045,11.665093898773193
81.66666666666667,0.25555555555555554,0.16874294259908765,0.24415122068507047,1.4476652683585793,0.12091640896267361,0.060337999131944445,2.256303265857849,3.3051314781286596,6.334300684229684,0.1826224843272412,1.0568491842620633,0.9128011436361476,0.8686729141573639,0.030517578125002626,0.28057026648700095,0.8914358995117746,0.15472680823879073,2.5348748405556347,0.5386004726142392,0.13081287584138215,275.5,128,1,3,0.091552734375,500.0,0.1,0.06666666666666667,0.0,0.0,365,185-365,B,cold,500.00000000004235,11.371479511260986
112.91111111111111,0.3055555555555556,0.16821510775303877,0.23645992184397152,1.4057809207291632,0.12416110568576388,0.06230197482638889,2.294761526160441,3.354002115206389,6.185936970271953,0.14666922952471034,0.8433444065945912,0.7393310618993159,0.6267491568125741,0.030517578125002633,0.2770494002038313,0.8993396133078723,0.15542763974437315,2.7507797058581747,0.5361025938007091,0.12895693522451684,275.5,128,0,10,0.30517578125,500.0,0.1,0.06666666666666667,0.0,0.0,365,185-365,B,cold,500.0000000000447,11.560527086257935
114.2,0.29444444444444445,0.17184298012759106,0.23546794654528114,1.36979816895932,0.12433437771267361,0.06121622721354167,2.2964478545147062,3.302867681255407,6.023051106024145,0.14932940439754802,0.8268196293005201,0.7393460772229198,0.6263360136345669,0.030517578125002547,0.27781517032478203,0.8997966608651833,0.15561610701487424,2.7361672542192474,0.5273352330896945,0.12990174661442466,275.5,128,1,10,0.30517578125,500.0,0.1,0.06666666666666667,0.0,0.0,365,185-365,B,cold,500.00000000004303,11.51775312423706
156.54444444444445,0.34444444444444444,0.17190765189768878,0.22038050474388599,1.2819879672318124,0.12318691677517361,0.05570068359375,2.254124617940984,3.145533162545694,5.493013858168084,0.12701688654691953,0.6766288653184338,0.6183454400007549,0.4815138138814127,0.030517578125002585,0.27243165134017694,0.886319101593688,0.15257040939604763,2.7913085775882873,0.5082919698828041,0.13117040266905164,275.5,128,0,16,0.48828125,500.0,0.1,0.06666666666666667,0.0,0.0,365,185-365,B,cold,500.00000000004025,11.89829683303833
155.75,0.3388888888888889,0.16594283407539326,0.20919654244880567,1.2605852242679723,0.1156829833984375,0.050395372178819446,2.162820269109788,3.0109034823226386,5.337674719411092,0.1250068149849351,0.6524708801540334,0.6176086442090031,0.49331430585447067,0.030517578125002665,0.25154351460252516,0.8820388350245219,0.14752986529480377,2.9212173479870582,0.48890310134776455,0.11861354475929951,275.5,128,1,16,0.48828125,500.0,0.1,0.06666666666666667,0.0,0.0,365,185-365,B,cold,500.00000000004445,11.8081693649292
182.25,0.34444444444444444,0.1688607024718188,0.20605623612458232,1.2202085744803977,0.11211039225260416,0.04849412706163195,2.1273972519469426,2.9598994032996755,5.2278808925653175,0.11463443408017468,0.5794744548263623,0.5484126690878424,0.41541410358479475,0.030517578125002606,0.25054705323504367,0.8782209993176675,0.14719384646025935,2.905165691750841,0.47597955791928903,0.11805148940279882,275.5,128,0,20,0.6103515625,500.0,0.1,0.06666666666666667,0.0,0.0,365,185-365,B,cold,500.0000000000423,11.919110298156738
185.17222222222222,0.3611111111111111,0.16690425735965791,0.2021280424293115,1.2106691783515073,0.11226772732204861,0.04712456597222222,2.1251553064351922,2.92436881507424,5.127764651155562,0.11381473944195576,0.5739004749775665,0.5483705240975218,0.4174292813186789,0.030517578125002626,0.2493996303112775,0.8786676415622483,0.14629212459348714,2.8544319390759174,0.4741850441093754,0.11819848437043061,275.5,128,1,20,0.6103515625,500.0,0.1,0.06666666666666667,0.0,0.0,365,185-365,B,cold,500.00000000004286,12.551080703735352
219.76666666666668,0.3611111111111111,0.16542798845419854,0.18875447889667032,1.1411853126177847,0.10375128851996528,0.039589775933159724,2.0358459105444107,2.740052470934476,4.772408557383385,0.10398355738655578,0.49583012944564503,0.48642881042344943,0.3633659876269459,0.030517578125002616,0.23286831891279686,0.8685289026038617,0.14144199957940468,2.889521245471965,0.44661333925284197,0.11076384414159374,275.5,128,0,24,0.732421875,500.0,0.1,0.06666666666666667,0.0,0.0,365,185-365,B,cold,500.0000000000437,12.640734672546387
217.97222222222223,0.2611111111111111,0.16823700109048245,0.18716044470520393,1.1123414692364475,0.09995591905381944,0.03682318793402778,2.0001063323910517,2.669496266884819,4.624998656171628,0.1060188527458371,0.48627400477395133,0.48563690397198467,0.37038802487852307,0.030517578125002595,0.2180310279254495,0.8697849396124102,0.13869229305648167,2.4978339590631995,0.4311006803522274,0.10104005789516957,275.5,128,1,24,0.732421875,500.0,0.1,0.06666666666666667,0.0,0.0,365,185-365,B,cold,500.00000000004394,11.881462812423706
253.48333333333332,0.3611111111111111,0.1676540068913808,0.18332738587219766,1.0931155900902108,0.09651828342013889,0.03484700520833333,1.9694379063515095,2.617855962271198,4.536333744227668,0.09678109036602937,0.43553500071023543,0.4314171176517875,0.31652853359921745,0.030517578125002574,0.22180057499458292,0.8650412489221314,0.1380905205492112,2.889666435839935,0.42392340330043843,0.10289592967817932,275.5,128,0,28,0.8544921875,500.0,0.1,0.06666666666666667,0.0,0.0,365,185-365,B,cold,500.0000000000408,12.129960298538208
256.4,0.24444444444444444,0.1684490809916924,0.18413045736167508,1.0926241748236603,0.09754876030815972,0.034510294596354164,1.978644222828091,2.6188239569955147,4.500514650082463,0.0969910366362178,0.43570803655245954,0.4316284927344198,0.31553880927942696,0.030517578125002536,0.22449492292438017,0.8643799131071193,0.13845726387297988,2.422143901345949,0.4247730633921544,0.1052259208456761,275.5,128,1,28,0.8544921875,500.0,0.1,0.06666666666666667,0.0,0.0,365,185-365,B,cold,500.0000000000408,12.150920629501343
295.18333333333334,0.28888888888888886,0.1662772138379292,0.17064091723326874,1.0261324800159493,0.08387010362413194,0.0286102294921875,1.8619905931485605,2.4450246562821074,4.254593040152387,0.08974643788088213,0.37137253094756867,0.38201194081563994,0.28175299252645103,0.030517578125002574,0.20033783421615206,0.8524928219304493,0.13321178774812595,2.7201589753579016,0.3864361273510964,0.09056062464615817,275.5,128,0,32,0.9765625,500.0,0.1,0.06666666666666667,0.0,0.0,365,185-365,B,cold,500.00000000004195,12.16934061050415
292.35,0.28888888888888886,0.16663699232981027,0.1732626973085181,1.0395710635552058,0.08610331217447917,0.029783799913194443,1.878721998951853,2.4781256937816174,4.299333284282693,0.08955654733640499,0.37692826092074766,0.3823780028969646,0.27914715718533245,0.030517578125002574,0.20555737920461017,0.8529587335502163,0.13419971655114646,2.6593356992413266,0.3951558163079819,0.09440190775342963,275.5,128,1,32,0.9765625,500.0,0.1,0.06666666666666667,0.0,0.0,365,185-365,B,cold,500.0000000000421,12.398210287094116
328.05555555555554,0.35555555555555557,0.16509696015886827,0.1650931422490887,1.00000665138315,0.07865532769097222,0.025407918294270835,1.8223704985897027,2.3608281845793915,4.102739111119358,0.08299467634933433,0.330520839416184,0.33867267397264444,0.24690671648230852,0.030517578125002585,0.19236530590137252,0.8506247799755706,0.13091146908245943,2.8308697785402686,0.3726091540381492,0.08491024036370419,275.5,128,0,36,1.0986328125,500.0,0.1,0.06666666666666667,0.0,0.0,365,185-365,B,cold,500.00000000004366,12.259865045547485
330.6666666666667,0.35555555555555557,0.1692870430619201,0.16838537114085375,0.9945682024296527,0.08020765516493056,0.026414998372395835,1.8331400160943816,2.386144079134124,4.12419659725197,0.08405106561776803,0.3307077721395112,0.33906051193098263,0.24352582089089403,0.030517578125002515,0.1981063438408568,0.8541294052471575,0.1322469589388408,2.837374486707078,0.3747249132453488,0.0885792473068194,275.5,128,1,36,1.0986328125,500.0,0.1,0.06666666666666667,0.0,0.0,365,185-365,B,cold,500.0000000000413,12.242297410964966
382.27777777777777,0.3277777777777778,0.16846854021664073,0.16247985626976402,0.9643520156588402,0.07135654025607639,0.02253350151909722,1.7663336899923112,2.2704086024355052,3.9391945855553256,0.07547725531218366,0.27699197734962294,0.28316307574880195,0.20000479558507323,0.030517578125002557,0.1880942545540603,0.8467312940108406,0.1294099232806881,2.6675463730962288,0.35429352619095855,0.08261625592994423,275.5,128,0,42,1.28173828125,500.0,0.1,0.06666666666666667,0.0,0.0,365,185-365,B,cold,500.000000000042,12.479079008102417
391.97222222222223,0.3,0.16765997706378333,0.16103037875869844,0.9607180403250851,0.07197163899739584,0.02246466742621528,1.7732656169679233,2.2703353540382953,3.939199183536257,0.07523085936614203,0.2752469292093032,0.2833102130547716,0.1990907303421092,0.030517578125002526,0.1902853904665448,0.8475831250062883,0.12979807059927495,2.7410263084107194,0.3554199689922889,0.0839361930543836,275.5,128,1,42,1.28173828125,500.0,0.1,0.06666666666666667,0.0,0.0,365,185-365,B,cold,500.00000000003797,12.646559476852417
457.6722222222222,0.29444444444444445,0.16959357302396352,0.153105610966319,0.9027156154368053,0.0602020263671875,0.018406507703993054,1.6793475992473774,2.128661323052455,3.723085123769469,0.06691894308973509,0.2159767387493291,0.22235755012855205,0.1557816866776482,0.030517578125002463,0.1746561929549902,0.8395810655006819,0.1258650547131432,2.7380775061850153,0.3226585312995424,0.07285044123405487,275.5,128,0,50,1.52587890625,500.0,0.1,0.06666666666666667,0.0,0.0,365,185-365,B,cold,500.00000000004127,12.627936840057373
457.9222222222222,0.36666666666666664,0.1623571382018097,0.15051060385455114,0.9270326511891673,0.06344807942708333,0.019525146484375,1.69844413991901,2.1688908735628556,3.815967708792649,0.06541563945203932,0.21778872202891486,0.22236351639061466,0.1555691804272439,0.030517578125002574,0.17360746098258864,0.8367418018938856,0.12589071214153796,2.8306402492334075,0.32838960981322646,0.07297128769610463,275.5,128,1,50,1.52587890625,500.0,0.1,0.06666666666666667,0.0,0.0,365,185-365,B,cold,500.00000000004366,12.638479948043823
531.8833333333333,0.37777777777777777,0.16831570688478198,0.1479724404156912,0.8789601755422546,0.05563897026909722,0.017120700412326387,1.640240848889439,2.0714733287244416,3.6513505369802934,0.057943912146179326,0.16351029815625193,0.16470593738429223,0.11106829862667333,0.030517578125002498,0.1656459791173078,0.8354262423676994,0.12426310228737615,2.776729807469165,0.30623730934713506,0.06735426239772759,275.5,128,0,60,1.8310546875,500.0,0.1,0.06666666666666667,0.0,0.0,365,185-365,B,cold,500.00000000004013,12.992319822311401
536.4555555555555,0.32222222222222224,0.1678803121962269,0.1484672703622121,0.8843854003885481,0.05459798177083333,0.016852484809027776,1.6313587645253966,2.0586660586268333,3.634926165330503,0.05792280969387331,0.16313914355557435,0.16459995261593324,0.11172299769049346,0.030517578125002477,0.16605366880750166,0.839179114185262,0.12403982979970755,2.7007953741975363,0.3040140403502323,0.0660749603527471,275.5,128,1,60,1.8310546875,500.0,0.1,0.06666666666666667,0.0,0.0,365,185-365,B,cold,500.0000000000409,13.009459495544434
664.6833333333333,0.3333333333333333,0.16911001421870495,0.14430191381607263,0.8529964158153341,0.04962870279947917,0.015532769097222222,1.5839854449127593,1.9951378306345167,3.5434928599941005,0.04905330260822305,0.1069613102003965,0.10508779215005279,0.06732892452008678,0.030517578125002446,0.16018399380877427,0.8344524812833614,0.12263665218210525,2.691207712690436,0.2859428000969279,0.06178201033369211,275.5,128,0,75,2.288818359375,500.0,0.1,0.06666666666666667,0.0,0.0,365,185-365,B,cold,500.0000000000401,14.124104738235474
650.2222222222222,0.32222222222222224,0.1691155502459696,0.14258262929310325,0.8428191404621521,0.04779595269097222,0.014969550238715278,1.574064863058678,1.9707635296525507,3.5110982115685325,0.049086720588226836,0.10668938706694647,0.1050769871673859,0.06804536205411293,0.030517578125002467,0.1566224079984862,0.8271866641697193,0.12203607320672355,2.785268259621825,0.2827043380085014,0.06184866558571331,275.5,128,1,75,2.288818359375,500.0,0.1,0.06666666666666667,0.0,0.0,365,185-365,B,cold,500.0000000000409,14.053180694580078
815.9277777777778,0.37222222222222223,0.1702853228423198,0.14252772455643056,0.8369799653164418,0.04481268988715278,0.014287312825520834,1.5440798215141494,1.9295920937157518,3.450359097742493,0.040748203261656804,0.05303330563388488,0.04991782260999285,0.029082911687552934,0.03051757812500244,0.15618362340564843,0.8313211502644458,0.12133664092631129,2.957628330754407,0.2717967014725093,0.05822254402476741,275.5,128,0,100,3.0517578125,500.0,0.1,0.06666666666666667,0.0,0.0,365,185-365,B,cold,500.0000000000398,13.932901859283447
812.4166666666666,0.2777777777777778,0.16623837823644125,0.13954324512255623,0.8393742797314474,0.0456634521484375,0.014443630642361111,1.5494151645365573,1.941221419105101,3.4794785973726374,0.04055717055531849,0.05266517863146106,0.0500187066063346,0.029002140633052613,0.03051757812500249,0.15519468832330652,0.8266057738898679,0.12132709509385294,2.6766196972544383,0.2747647336812839,0.05969924519076372,275.5,128,1,100,3.0517578125,500.0,0.1,0.06666666666666667,0.0,0.0,365,185-365,B,cold,500.0000000000414,14.196356534957886
963.8111111111111,0.3888888888888889,0.172040806495892,0.14116285252310157,0.8211770436831737,0.043196953667534725,0.013819376627604166,1.5307988060833913,1.9086519759477836,3.4129261715205503,0.03498953756302169,0.014149589553318121,0.011575528412624832,0.005200936909398515,0.030517578125002394,0.15785312257209472,0.8246949361527123,0.12160492278768815,2.967680176355058,0.26747861222291813,0.06099614571425693,275.5,128,0,150,4.57763671875,500.0,0.1,0.06666666666666667,0.0,0.0,365,185-365,B,cold,500.0000000000393,14.533107042312622
930.3333333333334,0.28888888888888886,0.16472763514697464,0.13680351006202818,0.8304251335938477,0.04406195746527778,0.01409946017795139,1.5329780189151279,1.9179247678348241,3.456366086499212,0.034912923879420056,0.013220913907682886,0.011489855158646398,0.005257933663570551,0.030517578125002515,0.15361674513444226,0.8253331238308239,0.12113112201598746,2.6522255361921525,0.26864092253395594,0.05869315959460438,275.5,128,1,150,4.57763671875,500.0,0.1,0.06666666666666667,0.0,0.0,365,185-365,B,cold,500.0000000000408,14.339775085449219
981.8111111111111,0.34444444444444444,0.16712879956007645,0.13885961884064563,0.8306808834457222,0.04330647786458333,0.013890245225694445,1.5289544771247525,1.9083608953529292,3.4362042411030806,0.033352629452907644,0.00031175522555107097,0.00015357211107748186,3.556858304365134e-05,0.030517578125002526,0.1544615170264958,0.8221886839307451,0.12114159783394748,2.7394074841600875,0.2663000362510196,0.05926843983631684,275.5,128,0,300,9.1552734375,500.0,0.1,0.06666666666666667,0.0,0.0,365,185-365,B,cold,500.00000000004115,14.60777235031128
981.4944444444444,0.34444444444444444,0.16538320720894378,0.1389633189386435,0.8401650496361573,0.04482896592881944,0.01422085232204861,1.543761432220532,1.9302971497187746,3.458979786207569,0.03335258605463547,0.0003160411382273627,0.00015644805471951695,3.422535081273522e-05,0.030517578125002515,0.15838253980786415,0.82387664082417,0.1219039307545186,2.785738069093674,0.2712567505829144,0.061157336099023595,275.5,128,1,300,9.1552734375,500.0,0.1,0.06666666666666667,0.0,0.0,365,185-365,B,cold,500.0000000000414,14.604093790054321
129.99444444444444,0.38333333333333336,0.1673003689226977,0.2280642463427859,1.3623177133144255,0.12220628526475695,0.058903333875868054,2.2599579418454745,3.2533962892404147,5.951020280919291,0.1381294488001726,0.7739772454767169,0.6965348013517244,0.572409734363921,0.030517578125002644,0.2792833108039606,0.8909269749156694,0.15501350074190343,2.9354738551088304,0.5240904587152233,0.13184332992536457,275.5,128,0,12,0.3662109375,500.0,0.1,0.06666666666666667,0.0,0.0,365,185-365,C,cold,500.00000000004366,11.476047992706299
127.06666666666666,0.3,0.16941982378886788,0.227561455124075,1.3436513902674794,0.1184539794921875,0.05682576497395833,2.217509686899997,3.1901520003849466,5.8824792867263955,0.1401999901490241,0.7654733612545812,0.6961846998898251,0.5788454954428063,0.030517578125002595,0.26493862617561054,0.8958153345865713,0.15189208003036733,2.74546147529838,0.5128811671858645,0.12229959622686702,275.5,128,1,12,0.3662109375,500.0,0.1,0.06666666666666667,0.0,0.0,365,185-365,C,cold,500.0000000000434,11.651872158050537
200.65,0.29444444444444445,0.16692336456179896,0.1973344349822353,1.1819520361645308,0.11025594075520834,0.044381035698784724,2.098734118194414,2.859663241470197,4.980112097203662,0.10911316602134033,0.5377158505679116,0.5162209865000988,0.3887919725018393,0.03051757812500263,0.2369409863562145,0.8827193534942451,0.14397766050896815,2.791173175085398,0.4624686848510045,0.1100656703597711,275.5,128,0,22,0.67138671875,500.0,0.1,0.06666666666666667,0.0,0.0,365,185-365,C,cold,500.00000000004536,12.07073450088501
204.09444444444443,0.26666666666666666,0.1675283698965394,0.1942678017525238,1.1592774064993734,0.10591668023003473,0.042109510633680555,2.0570360164917076,2.8016173578280212,4.886113111141973,0.10975692526006721,0.5295895284786498,0.5161543716249961,0.3927125371183073,0.030517578125002644,0.2342466836358677,0.8705814101188787,0.14236641400961061,2.5023402492849933,0.4521776612714172,0.11023203621539675,275.5,128,1,22,0.67138671875,500.0,0.1,0.06666666666666667,0.0,0.0,365,185-365,C,cold,500.00000000004275,11.806750535964966
240.44444444444446,0.26666666666666666,0.16975130245968179,0.18716820210642074,1.1029235433598914,0.10112643771701389,0.037552897135416666,2.01221823441744,2.6888716046896772,4.6273461897747765,0.10181652739142769,0.4645013044590887,0.4577445708144017,0.33973304691787826,0.03051757812500255,0.21999653873621705,0.8707703474793249,0.13928020656637946,2.486315445361045,0.43063233825281066,0.10241982059470242,275.5,128,0,26,0.79345703125,500.0,0.1,0.06666666666666667,0.0,0.0,365,185-365,C,cold,500.00000000004303,12.010064125061035
236.9,0.3277777777777778,0.16554761187891695,0.18137625565748697,1.0952553549867023,0.09779154459635417,0.03511827256944444,1.9802046040282928,2.6288649760798637,4.55435768206527,0.1003187700335325,0.4574199907439249,0.457721568324874,0.34325881294398947,0.030517578125002626,0.22010109010869539,0.8642697719208611,0.13798852756711472,2.675555403889421,0.42650961113090696,0.10277029655448394,275.5,128,1,26,0.79345703125,500.0,0.1,0.06666666666666667,0.0,0.0,365,185-365,C,cold,500.0000000000422,12.136521577835083
359.4222222222222,0.40555555555555556,0.16603139323977825,0.1661763308241013,1.0008405229814978,0.07865804036458333,0.025457763671875,1.8214700229185383,2.3625022017094133,4.09660968739784,0.0771645656172793,0.298559420675388,0.301072859628895,0.21035285706971094,0.030517578125002606,0.1969410523555915,0.8493584740047314,0.13166292076762282,2.9464527016180453,0.3711625454289065,0.08761430374258986,275.5,128,0,40,1.220703125,500.0,0.1,0.06666666666666667,0.0,0.0,365,185-365,C,cold,500.0000000000415,12.30322813987732
359.75555555555553,0.3277777777777778,0.16597666007405804,0.16050044601858054,0.9667992652560375,0.07351955837673611,0.023035685221354168,1.7822127040862223,2.2917799350833845,3.9727617180945334,0.0775563426098648,0.2907204954221292,0.3004981727965106,0.21431716232488515,0.030517578125002595,0.18789571056960064,0.8470780542317887,0.12994133249183884,2.710031118890032,0.3576308620367454,0.08270360731126754,275.5,128,1,40,1.220703125,500.0,0.1,0.06666666666666667,0.0,0.0,365,185-365,C,cold,500.00000000004195,13.475998878479004
491.5777777777778,0.31666666666666665,0.16927733585599875,0.151746212757136,0.8960301233051214,0.05860324435763889,0.018047756618923612,1.6656729550603637,2.1096325388324657,3.694755975491815,0.062049907918473854,0.18914076498010546,0.19163682411894337,0.13083441730471163,0.030517578125002442,0.17289378348416148,0.8369683114032331,0.12535832514102493,2.6701351739892925,0.31703797433823605,0.07207959944051495,275.5,128,0,55,1.678466796875,500.0,0.1,0.06666666666666667,0.0,0.0,365,185-365,C,cold,500.0000000000407,13.268287420272827
500.47222222222223,0.35555555555555557,0.16960839246531034,0.1549930212375408,0.9138688929941423,0.06151156955295139,0.019043986002604166,1.6883167433642055,2.143984628816947,3.7517248422985032,0.06198254786771015,0.19177069991536608,0.19184503385450719,0.12902746537523443,0.03051757812500249,0.1771666216976153,0.8401794744422694,0.12633293048098584,2.827395295865777,0.32397187169681196,0.073912193057473,275.5,128,1,55,1.678466796875,500.0,0.1,0.06666666666666667,0.0,0.0,365,185-365,C,cold,500.0000000000414,13.614742040634155
765.6111111111111,0.31666666666666665,0.17078302566026263,0.14146926597912599,0.8283265153572288,0.04584113226996528,0.014470418294270834,1.5529573607681844,1.9444411731742162,3.4648739894119696,0.0434119059564208,0.07034657272673286,0.06727652978585283,0.04056795317110943,0.030517578125002387,0.15729594278827264,0.8284148612117311,0.12184420646868262,2.711940833716538,0.2748050372008561,0.06035360889266483,275.5,128,0,90,2.74658203125,500.0,0.1,0.06666666666666667,0.0,0.0,365,185-365,C,cold,500.00000000003945,15.598750591278076
755.2833333333333,0.36666666666666664,0.16880198524535878,0.14154854468025752,0.8386417766095405,0.04597507052951389,0.014576890733506945,1.551850119648691,1.945979945003912,3.478848816596604,0.043303063180119485,0.07017917757448411,0.06716556156760319,0.040848118734034135,0.030517578125002467,0.15801776555617325,0.8305132757254016,0.12162978019027967,2.8657724565949683,0.27456140707679383,0.05887738413373327,275.5,128,1,90,2.74658203125,500.0,0.1,0.06666666666666667,0.0,0.0,365,185-365,C,cold,500.0000000000404,14.397335290908813
68.32777777777778,0.28888888888888886,0.16477343535050887,0.25613463324134095,1.553562777773894,0.12495930989583333,0.06609564887152777,2.332956895985021,3.4883889594859405,6.804189052803347,0.19811788373132974,1.292630839311835,1.0,1.0,0.030517578125002703,0.29211106759789707,0.8987139447493506,0.1587302429298901,2.6715673113024576,0.5634615580119152,0.13335264425995594,275.5,128,0,0,0.0,500.0,0.1,0.06666666666666667,0.0,0.0,365,185-365,D,cold,500.00000000004445,12.261120080947876
112.91111111111111,0.3055555555555556,0.16821510775303877,0.23645992184397152,1.4057809207291632,0.12416110568576388,0.06230197482638889,2.294761526160441,3.354002115206389,6.185936970271953,0.14666922952471034,0.8433444065945912,0.7393310618993159,0.6267491568125741,0.030517578125002633,0.2770494002038313,0.8993396133078723,0.15542763974437315,2.7507797058581747,0.5361025938007091,0.12895693522451684,275.5,128,0,10,0.30517578125,500.0,0.1,0.06666666666666667,0.0,0.0,365,185-365,D,cold,500.0000000000447,12.33999228477478
200.65,0.29444444444444445,0.16692336456179896,0.1973344349822353,1.1819520361645308,0.11025594075520834,0.044381035698784724,2.098734118194414,2.859663241470197,4.980112097203662,0.10911316602134033,0.5377158505679116,0.5162209865000988,0.3887919725018393,0.03051757812500263,0.2369409863562145,0.8827193534942451,0.14397766050896815,2.791173175085398,0.4624686848510045,0.1100656703597711,275.5,128,0,22,0.67138671875,500.0,0.1,0.06666666666666667,0.0,0.0,365,185-365,D,cold,500.00000000004536,12.944350242614746
328.05555555555554,0.35555555555555557,0.16509696015886827,0.1650931422490887,1.00000665138315,0.07865532769097222,0.025407918294270835,1.8223704985897027,2.3608281845793915,4.102739111119358,0.08299467634933433,0.330520839416184,0.33867267397264444,0.24690671648230852,0.030517578125002585,0.19236530590137252,0.8506247799755706,0.13091146908245943,2.8308697785402686,0.3726091540381492,0.08491024036370419,275.5,128,0,36,1.0986328125,500.0,0.1,0.06666666666666667,0.0,0.0,365,185-365,D,cold,500.00000000004366,13.087518453598022
531.8833333333333,0.37777777777777777,0.16831570688478198,0.1479724404156912,0.8789601755422546,0.05563897026909722,0.017120700412326387,1.640240848889439,2.0714733287244416,3.6513505369802934,0.057943912146179326,0.16351029815625193,0.16470593738429223,0.11106829862667333,0.030517578125002498,0.1656459791173078,0.8354262423676994,0.12426310228737615,2.776729807469165,0.30623730934713506,0.06735426239772759,275.5,128,0,60,1.8310546875,500.0,0.1,0.06666666666666667,0.0,0.0,365,185-365,D,cold,500.00000000004013,14.147420644760132
815.9277777777778,0.37222222222222223,0.1702853228423198,0.14252772455643056,0.8369799653164418,0.04481268988715278,0.014287312825520834,1.5440798215141494,1.9295920937157518,3.450359097742493,0.040748203261656804,0.05303330563388488,0.04991782260999285,0.029082911687552934,0.03051757812500244,0.15618362340564843,0.8313211502644458,0.12133664092631129,2.957628330754407,0.2717967014725093,0.05822254402476741,275.5,128,0,100,3.0517578125,500.0,0.1,0.06666666666666667,0.0,0.0,365,185-365,D,cold,500.0000000000398,14.560744047164917
981.8111111111111,0.34444444444444444,0.16712879956007645,0.13885961884064563,0.8306808834457222,0.04330647786458333,0.013890245225694445,1.5289544771247525,1.9083608953529292,3.4362042411030806,0.033352629452907644,0.00031175522555107097,0.00015357211107748186,3.556858304365134e-05,0.030517578125002526,0.1544615170264958,0.8221886839307451,0.12114159783394748,2.7394074841600875,0.2663000362510196,0.05926843983631684,275.5,128,0,300,9.1552734375,500.0,0.1,0.06666666666666667,0.0,0.0,365,185-365,D,cold,500.00000000004115,15.351950645446777
17.872222222222224,0.1,0.17348831657931194,0.2620854008288277,1.509564825272029,0.12507866753472222,0.06700168185763888,2.337071836130521,3.5126699844259672,6.677326072730272,0.20680057599108378,1.265266213517097,1.0,1.0,0.0305175781250098,0.09287548983373721,0.8830041396471355,0.11885438024118425,1.580431216589369,0.5602890997685451,0.04543161609449433,275.5,64,0,0.0,0.0,125.0,0.1,0.06666666666666667,0.0,0.0,365,185-365,F,cold,125.0000000000455,6.042822599411011
16.494444444444444,0.07222222222222222,0.1672714014995918,0.26018002972859805,1.5528083597087488,0.12482638888888889,0.06631401909722222,2.329335078247163,3.504484744499953,6.741169675871333,0.2006175163021266,1.2963945460956445,1.0,1.0,0.030517578125009832,0.09292389708212714,0.8766454852095453,0.11843580494656168,1.210073111781244,0.5643731130440931,0.045235062575717695,275.5,64,1,0.0,0.0,125.0,0.1,0.06666666666666667,0.0,0.0,365,185-365,F,cold,125.00000000004576,6.481114149093628
24.07777777777778,0.08333333333333333,0.1685187733931817,0.2602764854547657,1.5424227903185586,0.12252332899305556,0.06624620225694444,2.3080927926781234,3.510079994228152,6.926875218063233,0.15371812522225875,1.0814807169796046,0.7410984951254203,0.7008301105839435,0.03051757812500974,0.09285954989648731,0.8869952263075458,0.11889221672589786,1.3605789122719107,0.5600752354598113,0.04454178536414772,275.5,64,0,9.8304,0.3,125.0,0.1,0.06666666666666667,0.0,0.0,365,185-365,F,cold,125.00000000004503,6.287374019622803
23.916666666666668,0.07777777777777778,0.16548269311469868,0.24715349663478708,1.4959343179061935,0.11865098741319445,0.06192898220486111,2.2493769331217592,3.3846914027270434,6.646563108393189,0.15197658919759754,1.0455686574508192,0.741062435054462,0.7040398727147986,0.03051757812500991,0.08636757822164742,0.8845752463150682,0.11734177303416422,1.2288608611766516,0.5444328109486165,0.04143456697352076,275.5,64,1,9.8304,0.3,125.0,0.1,0.06666666666666667,0.0,0.0,365,185-365,F,cold,125.00000000004592,6.45555305480957
32.58888888888889,0.05555555555555555,0.1653195426065007,0.2538718050505647,1.5356107532459222,0.12530653211805556,0.06908094618055556,2.3635931721563304,3.5922683221490765,6.89450747438986,0.1178121666487032,0.9211031016152577,0.5497025907560885,0.4892491350511876,0.030517578125010193,0.09712183706016488,0.8692776070932158,0.11972642185702631,0.9642990979809573,0.5681006143301554,0.04866885187450788,275.5,64,0,19.6608,0.6,125.0,0.1,0.06666666666666667,0.0,0.0,365,185-365,F,cold,125.00000000004607,6.1166346073150635
32.21666666666667,0.05555555555555555,0.16801566068767299,0.26280824249840223,1.5669411182237418,0.12391086154513889,0.06867133246527778,2.3519046562948738,3.609301314853321,7.094625953632865,0.11893043720920311,0.9323114824500092,0.5497116211345893,0.48733465039976714,0.030517578125009936,0.09799007174635298,0.8897962063304627,0.12044633152683216,0.9449051543212549,0.5731823388064872,0.047410306536478014,275.5,64,1,19.6608,0.6,125.0,0.1,0.06666666666666667,0.0,0.0,365,185-365,F,cold,125.00000000004556,6.452275037765503
52.68888888888889,0.08333333333333333,0.1667606821416676,0.24273322041934087,1.4569853651035714,0.1202053493923611,0.06292046440972222,2.261708671129215,3.435644453007442,6.56896515129934,0.08859978627473991,0.692140014142615,0.3694783197862448,0.30495053678176043,0.030517578125009878,0.09720732548512688,0.8626372846556455,0.11961912213988093,1.2353757524494429,0.5389896166497825,0.04799290079175957,275.5,64,0,32.768,1.0,125.0,0.1,0.06666666666666667,0.0,0.0,365,185-365,F,cold,125.00000000004628,6.454499244689941
53.077777777777776,0.06666666666666667,0.16604258898567545,0.22739243939297193,1.3670668374312103,0.1224365234375,0.060404459635416664,2.281285817698698,3.29964890654026,5.939409243424757,0.08908759396969859,0.6581040725406856,0.36925875723439455,0.3102545054369141,0.03051757812500985,0.08986034623948566,0.8590123447706233,0.1178079434185754,1.0837817895187132,0.5175943517252843,0.044477518558338265,275.5,64,1,32.768,1.0,125.0,0.1,0.06666666666666667,0.0,0.0,365,185-365,F,cold,125.00000000004621,6.4845240116119385
93.92222222222222,0.06111111111111111,0.1714087624693121,0.18497810699376596,1.0779649964910878,0.09766574435763889,0.03583034939236111,1.9811878559896507,2.651761617445468,4.491423085155373,0.06852152675138057,0.38703031250269204,0.2245419283187141,0.18304235734382113,0.0305175781250097,0.07854961138376775,0.8257790106389011,0.11406174643611852,1.1358355575383168,0.41924048505737493,0.03946199074938452,275.5,64,0,49.152,1.5,125.0,0.1,0.06666666666666667,0.0,0.0,365,185-365,F,cold,125.00000000004444,6.525432348251343
88.42777777777778,0.1,0.16870258721525708,0.18211215859966326,1.0799159420954914,0.09441053602430556,0.034326171875,1.9474912230878585,2.602467593712239,4.513251509920714,0.06815170185421236,0.38846060788317144,0.22445567603211578,0.18697625024070832,0.030517578125009808,0.07596869769986479,0.8087142824897111,0.11255153868241052,1.2237627784227987,0.4165774735235494,0.038868588084748946,275.5,64,1,49.152,1.5,125.0,0.1,0.06666666666666667,0.0,0.0,365,185-365,F,cold,125.00000000004556,6.194282531738281
132.11111111111111,0.08333333333333333,0.16556306796064,0.16213351161465658,0.9794837176715763,0.07727322048611111,0.025286187065972222,1.808173188063355,2.3593556544950003,4.01196274042898,0.05424309607647809,0.24147837916960613,0.13617349598415476,0.11197535609097589,0.03051757812500977,0.060306486495366296,0.825070735053366,0.11027401901028833,1.2228879088850384,0.35964294460526075,0.02874959442610758,275.5,64,0,65.536,2.0,125.0,0.1,0.06666666666666667,0.0,0.0,365,185-365,F,cold,125.00000000004556,6.765354156494141
124.55555555555556,0.05,0.1602323729959294,0.1548932084259692,0.9663470113329617,0.06967095269097222,0.0223388671875,1.7448533869483274,2.25442422529923,3.939252240503835,0.053734220456855615,0.2339859338614403,0.13602162038594304,0.11523098399723332,0.0305175781250099,0.05508517472578215,0.8252922073391059,0.10880000531541142,0.8761910771138838,0.3460927039505577,0.02555377584557746,275.5,64,1,65.536,2.0,125.0,0.1,0.06666666666666667,0.0,0.0,365,185-365,F,cold,125.00000000004694,6.775183200836182
198.06666666666666,0.07222222222222222,0.17780013416432044,0.1455637282706725,0.8188479642069126,0.047539605034722224,0.014911566840277777,1.5701130418458769,1.9667767091448658,3.4232154434649398,0.04171042278827253,0.09072491143351526,0.05014437324219456,0.04150886229757479,0.030517578125009385,0.04612705383175918,0.8344503695277868,0.10691367677737895,1.4216667188409666,0.2811944584123174,0.01978536853242974,275.5,64,0,98.304,3.0,125.0,0.1,0.06666666666666667,0.0,0.0,365,185-365,F,cold,125.00000000004354,7.465069770812988
191.6888888888889,0.08333333333333333,0.1634570560780751,0.1404359125053535,0.8582382622403483,0.05147705078125,0.015955946180555555,1.6019025600388785,2.0189535980352633,3.553608084601447,0.04102562201560053,0.0902240971182233,0.05013225281396127,0.04158901696964462,0.030517578125009888,0.045412152267781634,0.8245235350672974,0.10682252215638276,1.376234988186713,0.290980899314147,0.019405868222805978,275.5,64,1,98.304,3.0,125.0,0.1,0.06666666666666667,0.0,0.0,365,185-365,F,cold,125.0000000000455,6.707998275756836
68.32777777777778,0.28888888888888886,0.16477343535050887,0.25613463324134095,1.553562777773894,0.12495930989583333,0.06609564887152777,2.332956895985021,3.4883889594859405,6.804189052803347,0.19811788373132974,1.292630839311835,1.0,1.0,0.030517578125002703,0.29211106759789707,0.8987139447493506,0.1587302429298901,2.6715673113024576,0.5634615580119152,0.13335264425995594,275.5,128,0,0.0,0.0,500.0,0.1,0.06666666666666667,0.0,0.0,365,185-365,F,cold,500.00000000004445,12.228139400482178
69.33333333333333,0.38333333333333336,0.1673900046466052,0.25469303911309044,1.5208781347273386,0.12330118815104167,0.06426459418402777,2.304794384182543,3.4340097389011985,6.65683041986097,0.20070389621977952,1.26580837562024,1.0,1.0,0.030517578125002626,0.29473073190415994,0.888281389410916,0.1579928560568286,2.9730049627472126,0.555121843447576,0.13667008405596823,275.5,128,1,0.0,0.0,500.0,0.1,0.06666666666666667,0.0,0.0,365,185-365,F,cold,500.0000000000442,12.317057132720947
112.34444444444445,0.32222222222222224,0.16421353430263189,0.23290051894660405,1.4170233053713872,0.125714111328125,0.06373494466145833,2.321969068325369,3.3884041433496717,6.207093519188892,0.1445744424836209,0.8510001472641067,0.7431182674468786,0.6313992041603015,0.030517578125002724,0.2784116299815459,0.895038804884332,0.15554284951858013,2.7865467648289193,0.5402837060115034,0.13041182482059005,275.5,128,0,9.8304,0.3,500.0,0.1,0.06666666666666667,0.0,0.0,365,185-365,F,cold,500.0000000000439,11.684559345245361
114.04444444444445,0.2611111111111111,0.16664262376114486,0.2310868311936296,1.386482330144015,0.12406955295138888,0.06102159288194445,2.291224674658668,3.3092093400010802,6.056776387977074,0.1465968613482616,0.835887966698116,0.7430660529008258,0.6334436615688599,0.030517578125002675,0.27471000707598253,0.8920633499475847,0.15442247173748813,2.5740544594391292,0.5317760821652278,0.12932758750190865,275.5,128,1,9.8304,0.3,500.0,0.1,0.06666666666666667,0.0,0.0,365,185-365,F,cold,500.00000000004275,12.02420711517334
180.92777777777778,0.3111111111111111,0.1664675266310141,0.2002442027626646,1.2023119609581137,0.11131117078993055,0.0466400146484375,2.116057128968141,2.9151295081310042,5.125901770140478,0.11515588569184239,0.577281779420808,0.5533298791164987,0.4286845874684728,0.030517578125002633,0.23548618715931677,0.8796204781201592,0.14415249079154616,2.7667885913460526,0.4658352587162474,0.10964396780632661,275.5,128,0,19.6608,0.6,500.0,0.1,0.06666666666666667,0.0,0.0,365,185-365,F,cold,500.0000000000434,12.425890445709229
178.07222222222222,0.3388888888888889,0.16487141970951258,0.20321995508108684,1.2325379440255393,0.11565958658854167,0.04954494900173611,2.1618403263713284,2.989535781707369,5.227075486973559,0.11373316496971178,0.5881913117440642,0.5536408508172035,0.42319527827016706,0.030517578125002696,0.24403124907152574,0.8878908447010686,0.14639567666276584,2.738357802743164,0.47973589571833913,0.11337707374568705,275.5,128,1,19.6608,0.6,500.0,0.1,0.06666666666666667,0.0,0.0,365,185-365,F,cold,500.000000000045,12.38193964958191
300.8,0.28888888888888886,0.16816734093256686,0.16988863810434937,1.010221838030121,0.08172980414496528,0.027408854166666666,1.843472478947465,2.410917270295119,4.180432224382514,0.0892904208438995,0.3621878252132401,0.3729826543502193,0.27672729684827296,0.030517578125002602,0.19502840432283178,0.8556715545943123,0.13197467762371065,2.6869370899154927,0.37932049796693057,0.08621880706046225,275.5,128,0,32.768,1.0,500.0,0.1,0.06666666666666667,0.0,0.0,365,185-365,F,cold,500.0000000000407,13.33870267868042
302.45,0.35,0.1686495792607791,0.1710009068280424,1.0135569668670403,0.08311835394965278,0.0275909423828125,1.8556282346844575,2.42512328612936,4.191447774254035,0.08932398396477485,0.3652007155619854,0.37310209801924543,0.2756207243859536,0.03051757812500259,0.19746085227793242,0.8567364953976374,0.13235459542879183,2.7335531140880933,0.38317877355795876,0.0876213741156588,275.5,128,1,32.768,1.0,500.0,0.1,0.06666666666666667,0.0,0.0,365,185-365,F,cold,500.0000000000419,12.536851406097412
441.77777777777777,0.35,0.16801303152508335,0.15447700204256612,0.9196498133382156,0.0627838134765625,0.01952480740017361,1.693360284509344,2.1618832921401863,3.7871843682230297,0.06742472166380398,0.22215237290547585,0.22803437174169286,0.15946844551506548,0.030517578125002536,0.17414509268083336,0.8417572893131507,0.1263886569473528,2.896686036641192,0.32666020886795943,0.07269543599238176,275.5,128,0,49.152,1.5,500.0,0.1,0.06666666666666667,0.0,0.0,365,185-365,F,cold,500.0000000000408,13.285708904266357
448.52777777777777,0.37777777777777777,0.16689430435713648,0.15209290716557292,0.9117747930461314,0.061604139539930554,0.0190185546875,1.6863585406823145,2.147909342283088,3.7571411544147217,0.06725833173780443,0.22048994852698003,0.227970081769864,0.16047773110151387,0.030517578125002522,0.17427201770711934,0.8453124779972301,0.12596241748266332,2.8685208668676725,0.32437581265381343,0.07215898299000252,275.5,128,1,49.152,1.5,500.0,0.1,0.06666666666666667,0.0,0.0,365,185-365,F,cold,500.0000000000415,12.993058204650879
578.7333333333333,0.36666666666666664,0.16664534198960085,0.1447960952038531,0.8687174106303303,0.05283745659722222,0.016416761610243056,1.614437709681121,2.037845576701661,3.6027200381039304,0.05392283906550206,0.13995829326684608,0.1397372172400257,0.09254606980693565,0.030517578125002488,0.16582233893085996,0.8288932695878432,0.1234213772095073,2.9757609194650385,0.2992777066253278,0.06728831388441968,275.5,128,0,65.536,2.0,500.0,0.1,0.06666666666666667,0.0,0.0,365,185-365,F,cold,500.0000000000419,13.963414907455444
600.4555555555555,0.34444444444444444,0.16828720801316815,0.14849587333142347,0.8823466311823495,0.05399542914496528,0.016594780815972224,1.626543929231939,2.0515573395202593,3.617474667212309,0.054078866490695245,0.14268760319746462,0.1397124269383563,0.09234516441057854,0.030517578125002505,0.16623626293407917,0.8371960048026958,0.12364368843246815,2.854796883725645,0.3041160096433596,0.06677580551045895,275.5,128,1,65.536,2.0,500.0,0.1,0.06666666666666667,0.0,0.0,365,185-365,F,cold,500.00000000004064,13.856305837631226
804.0777777777778,0.31666666666666665,0.16824617066442707,0.14161083403531374,0.8420283074524608,0.04559902615017361,0.014491780598958334,1.5516657236416125,1.942341993876631,3.467496290117593,0.04103750582737743,0.05572062419386815,0.05260967158784045,0.030627297903798645,0.030517578125002474,0.1576816725282967,0.8281938439503875,0.12164114693265198,2.8218791536315613,0.2752019174239113,0.06000787871660379,275.5,128,0,98.304,3.0,500.0,0.1,0.06666666666666667,0.0,0.0,365,185-365,F,cold,500.00000000003877,14.914706707000732
802.6388888888889,0.35555555555555557,0.16739811103114807,0.14078176473956505,0.8414568960291907,0.04493476019965278,0.01448974609375,1.5407868012414945,1.9320032341606264,3.4857207238767507,0.041019407679452335,0.05608371229660971,0.05261848688569623,0.03087801896988129,0.030517578125002498,0.15648987404875356,0.8218448374734082,0.12135988601530141,2.892178001333251,0.27163338556277666,0.05995316833061832,275.5,128,1,98.304,3.0,500.0,0.1,0.06666666666666667,0.0,0.0,365,185-365,F,cold,500.00000000003996,14.581692695617676
68.32777777777778,0.28888888888888886,0.16477343535050887,0.25613463324134095,1.553562777773894,0.12495930989583333,0.06609564887152777,2.332956895985021,3.4883889594859405,6.804189052803347,0.19811788373132974,1.292630839311835,1.0,1.0,0.030517578125002703,0.29211106759789707,0.8987139447493506,0.1587302429298901,2.6715673113024576,0.5634615580119152,0.13335264425995594,275.5,128,0,0,0.0,500.0,0.1,0.06666666666666667,0.0,0.0,365,185-365,E,up,500.00000000004445,12.257120847702026
114.53333333333333,0.39444444444444443,0.16571224436360765,0.22962650702712178,1.3858086557153442,0.12387322319878472,0.06000501844618056,2.2823130098812214,3.276025711669072,6.0350587424147335,0.14527059661805095,0.8276196974003825,0.739307444662097,0.6292647404256952,0.030517578125002696,0.27576005789492064,0.8931718271181188,0.1541478673526702,2.812827559359728,0.5304671763437214,0.12854327262068294,275.5,128,0,10,0.30517578125,500.0,0.1,0.06666666666666667,0.0,0.0,365,185-365,E,up,500.0000000000445,12.420325756072998
185.85555555555555,0.37222222222222223,0.169152983968018,0.2040590903572621,1.2063759548771313,0.11316765679253472,0.046317206488715276,2.128806616064731,2.9059407563917055,5.101990127439403,0.11486441381330978,0.5741896970469976,0.5484685496654155,0.41746523619423276,0.030517578125002606,0.2517582009757474,0.8792424989707279,0.1463389995301603,2.8688072503857662,0.4731354929812144,0.11934958401857394,275.5,128,0,20,0.6103515625,500.0,0.1,0.06666666666666667,0.0,0.0,365,185-365,E,up,500.00000000004354,12.8088698387146
271.76666666666665,0.32222222222222224,0.16604809602917045,0.17540969001403894,1.0561948520753481,0.09081827799479167,0.03155856662326389,1.9198525325783773,2.536235624690311,4.38362882818213,0.09296667426192706,0.4012015141095742,0.4057704041800708,0.2993610305885331,0.03051757812500261,0.20735043746540885,0.8616818163319989,0.1351139737497996,2.805147380506597,0.40293245389333915,0.09454106151095927,275.5,128,0,30,0.91552734375,500.0,0.1,0.06666666666666667,0.0,0.0,365,185-365,E,up,500.00000000004377,12.399722814559937
363.0444444444444,0.3277777777777778,0.17135877197235191,0.1643686040306334,0.9599488434171485,0.07476128472222222,0.024052259657118054,1.7908464379255982,2.3133814961697783,3.988216227074205,0.07890073511476121,0.29478747402376754,0.30084775716530665,0.21275838340446807,0.030517578125002536,0.1932817544471363,0.8422943828088696,0.1306101511687204,2.6203767279674803,0.35945031124439225,0.08582462972213266,275.5,128,0,40,1.220703125,500.0,0.1,0.06666666666666667,0.0,0.0,365,185-365,E,up,500.0000000000397,14.158980369567871
530.0833333333334,0.3,0.16373591030144372,0.14746308416032758,0.9006430865469737,0.056528727213541664,0.017375691731770834,1.6452604770763262,2.0824997646495493,3.685832462319008,0.05721997303247398,0.16289819361982244,0.1648495463361178,0.11100220624117531,0.030517578125002585,0.16907826549294375,0.8373759109724883,0.1244109543032143,2.704467605816723,0.3099604622058707,0.06860949909549638,275.5,128,0,60,1.8310546875,500.0,0.1,0.06666666666666667,0.0,0.0,365,185-365,E,up,500.0000000000422,13.509545803070068
812.4333333333333,0.37777777777777777,0.16961046874580538,0.1420807700884961,0.837845739881986,0.04572923448350694,0.014438205295138888,1.5554526190782272,1.943048063273049,3.4640359059024357,0.04070278306227509,0.05399767723254382,0.05023380338469284,0.028596681736547787,0.030517578125002446,0.16084902930600486,0.8242253075162054,0.12200850828328182,2.9601761181110064,0.27602970132019994,0.06258558209475594,275.5,128,0,100,3.0517578125,500.0,0.1,0.06666666666666667,0.0,0.0,365,185-365,E,up,500.00000000003956,15.224409580230713
986.6888888888889,0.3111111111111111,0.16963209301165072,0.13916741299563387,0.8203047384462882,0.0427978515625,0.013847181532118056,1.5235589943327972,1.902374666371012,3.422823347206521,0.033352862871911616,0.00030448254449656986,0.00015196999045563467,3.513008438783249e-05,0.03051757812500243,0.15466743025158539,0.8245760069577485,0.12130458030683562,2.6054441977264085,0.26334738023777093,0.0585214043574158,275.5,128,0,300,9.1552734375,500.0,0.1,0.06666666666666667,0.0,0.0,365,185-365,E,up,500.0000000000411,15.380626201629639
981.8111111111111,0.34444444444444444,0.16712879956007645,0.13885961884064563,0.8306808834457222,0.04330647786458333,0.013890245225694445,1.5289544771247525,1.9083608953529292,3.4362042411030806,0.033352629452907644,0.00031175522555107097,0.00015357211107748186,3.556858304365134e-05,0.030517578125002526,0.1544615170264958,0.8221886839307451,0.12114159783394748,2.7394074841600875,0.2663000362510196,0.05926843983631684,275.5,128,0,300,9.1552734375,500.0,0.1,0.06666666666666667,0.0,0.0,365,185-365,E,down,500.00000000004115,15.470943927764893
815.95,0.28888888888888886,0.1702334225561611,0.14151918432430657,0.8311305522364256,0.04498935275607639,0.014330376519097222,1.5437033485526974,1.932687621324119,3.4546634267675365,0.04074382824625747,0.05348454521208564,0.05012743586538245,0.028709773351501156,0.03051757812500242,0.1590978097347404,0.8261295862230498,0.12190656700078692,2.7039478246031927,0.27258124853296745,0.06104024987185854,275.5,128,0,100,3.0517578125,500.0,0.1,0.06666666666666667,0.0,0.0,365,185-365,E,down,500.0000000000409,14.787008285522461
528.9166666666666,0.35555555555555557,0.16850124817334225,0.14883762123233601,0.8833134515105409,0.05467359754774306,0.016998291015625,1.628899303428515,2.0598660332626824,3.642602392832105,0.058005923919009224,0.16148023912041765,0.16466285998509333,0.1114292435530534,0.030517578125002477,0.1678418500679685,0.8397374833232275,0.12417847098262419,2.8127005491973684,0.3026783824951268,0.06650720508390043,275.5,128,0,60,1.8310546875,500.0,0.1,0.06666666666666667,0.0,0.0,365,185-365,E,down,500.000000000042,13.735872030258179
363.84444444444443,0.37222222222222223,0.16614798476570705,0.16167023021486723,0.9729921406162062,0.07472771538628473,0.02401360405815972,1.7900493881073278,2.3126390857820267,4.021056150874216,0.07761674098540407,0.29554333034690494,0.3002159480912978,0.21598834408188472,0.030517578125002585,0.18410989185264096,0.8496013685544215,0.12919975799170205,2.8342180282358758,0.3595951857298712,0.08001425635051247,275.5,128,0,40,1.220703125,500.0,0.1,0.06666666666666667,0.0,0.0,365,185-365,E,down,500.00000000004104,13.222403287887573
267.8333333333333,0.35,0.16488852381206737,0.1750509028004849,1.0616835838603889,0.09278937445746528,0.03268398708767361,1.9359374700602057,2.5663952434605655,4.419178203742579,0.09238416139937201,0.40214141398676273,0.40600449390775517,0.2969392691657122,0.030517578125002633,0.2100452074952316,0.8574095871036077,0.13604447349000987,2.832425077553938,0.4067944694675944,0.09683984203156935,275.5,128,0,30,0.91552734375,500.0,0.1,0.06666666666666667,0.0,0.0,365,185-365,E,down,500.0000000000424,13.397242784500122
180.10555555555555,0.31666666666666665,0.1663667092518967,0.2021146121548135,1.2148224664827334,0.11359931098090278,0.047673543294270836,2.13756978585509,2.9412418296423035,5.184319596029827,0.11374652249096164,0.5789180523799172,0.5480706818843679,0.4193431251663513,0.030517578125002665,0.24283074295901197,0.8812328844398662,0.14552086975261247,2.844191284720234,0.4747604108267283,0.1135329370060307,275.5,128,0,20,0.6103515625,500.0,0.1,0.06666666666666667,0.0,0.0,365,185-365,E,down,500.00000000004457,12.505115509033203
114.49444444444444,0.2833333333333333,0.167404432427062,0.23325298457104363,1.3916696421120778,0.12489963107638889,0.06207987467447917,2.309242420207005,3.33709258197416,6.078119531299088,0.14592328157313317,0.8332715528101987,0.7394899863882582,0.624168036782848,0.03051757812500266,0.28487991688747183,0.8929230217933729,0.1567682221517435,2.5358210529880663,0.5346982563499447,0.13550437123445594,275.5,128,0,10,0.30517578125,500.0,0.1,0.06666666666666667,0.0,0.0,365,185-365,E,down,500.0000000000425,13.119957685470581
69.1,0.3111111111111111,0.16742806623522483,0.2617291870497996,1.562557478780438,0.12393731011284723,0.0661224365234375,2.3208144005291342,3.492212602871774,6.892291554223166,0.20076668499744532,1.303834347000791,1.0,1.0,0.03051757812500265,0.30345313344457076,0.894942543341635,0.16099400224335114,2.6936002714465337,0.5664210134370316,0.13916984956135328,275.5,128,0,0,0.0,500.0,0.1,0.06666666666666667,0.0,0.0,365,185-365,E,down,500.00000000004445,11.878905534744263
68.32777777777778,0.28888888888888886,0.16477343535050887,0.25613463324134095,1.553562777773894,0.12495930989583333,0.06609564887152777,2.332956895985021,3.4883889594859405,6.804189052803347,0.19811788373132974,1.292630839311835,1.0,1.0,0.030517578125002703,0.29211106759789707,0.8987139447493506,0.1587302429298901,2.6715673113024576,0.5634615580119152,0.13335264425995594,275.5,128,0,0.0,0.0,500.0,0.1,0.06666666666666667,0.0,0.0,365,185-365,G,cold,500.00000000004445,12.092521905899048
69.33333333333333,0.38333333333333336,0.1673900046466052,0.25469303911309044,1.5208781347273386,0.12330118815104167,0.06426459418402777,2.304794384182543,3.4340097389011985,6.65683041986097,0.20070389621977952,1.26580837562024,1.0,1.0,0.030517578125002626,0.29473073190415994,0.888281389410916,0.1579928560568286,2.9730049627472126,0.555121843447576,0.13667008405596823,275.5,128,1,0.0,0.0,500.0,0.1,0.06666666666666667,0.0,0.0,365,185-365,G,cold,500.0000000000442,11.371613025665283
270.6666666666667,0.3388888888888889,0.1671220353350211,0.17530548446170266,1.0490160563464233,0.09015333387586806,0.03125,1.9135582852165223,2.525592411913649,4.348785766767811,0.09334554045189293,0.40300694809078114,0.40579152112838873,0.3000758060072196,0.030517578125002595,0.20704995118418176,0.8602575165533194,0.13482365252794132,2.8731249642858616,0.40385887067626747,0.09486326873099564,275.5,128,0,30.0,0.91552734375,500.0,0.1,0.06666666666666667,0.0,0.0,365,185-365,G,cold,500.0000000000422,12.758415699005127
269.69444444444446,0.4166666666666667,0.16296187980196092,0.17623025415766294,1.0808799438462833,0.09239264594184028,0.03327670627170139,1.9305560779594926,2.574787288657111,4.467443911338928,0.09155825323577058,0.4059979615076585,0.40599148911408095,0.29737393580196064,0.030517578125002668,0.211000319719,0.8600900190220099,0.13592091555476696,2.941893436117727,0.41052966837456856,0.09639855563596475,275.5,128,1,30.0,0.91552734375,500.0,0.1,0.06666666666666667,0.0,0.0,365,185-365,G,cold,500.0000000000433,12.66882061958313
33.53888888888889,0.005555555555555556,0.008292402789120842,0.030619787738975963,3.674104285842918,0.10535685221354167,0.06429206000434028,2.0942852539724806,3.616496740455761,10.512384178845727,0.04162936794066462,0.7363950296587629,1.0,1.0,0.030517578125017538,0.04623103478218328,0.7323188815486174,0.10698356488909706,0.0,0.7016996961201967,0.01941084450587667,275.5,128,0,0.0,0.0,500.0,0.1,0.06666666666666667,30.0,0.91552734375,365,185-365,G,cold,500.00000000036675,11.971049547195435
34.233333333333334,0.027777777777777776,0.010318830732162195,0.03811166041235305,3.6971394374916113,0.10301106770833333,0.06262410481770833,2.0518289855779597,3.5722757596503127,10.432008758290618,0.04364954718375692,0.8642993353827629,1.0,1.0,0.03051757812501724,0.0561459379238875,0.7711241740430492,0.10819114899599798,0.27958673967668096,0.6902650062226099,0.021675263289328135,275.5,128,1,0.0,0.0,500.0,0.1,0.06666666666666667,30.0,0.91552734375,365,185-365,G,cold,500.0000000003531,11.705416202545166
34.50555555555555,0.0,0.005838350809596227,0.02429659969016111,4.16561378758998,0.10351359049479167,0.06350029839409722,2.059412178248136,3.614212004806883,10.641099307519816,0.03550534075095241,0.15925890487984454,0.4004787776945024,0.383169361122245,0.030517578125018416,0.03527672792227192,0.7415294381652059,0.10502751638863413,0.0,0.7100530050738864,0.013926786095465842,275.5,128,0,30.0,0.91552734375,500.0,0.1,0.06666666666666667,30.0,0.91552734375,365,185-365,G,cold,500.00000000038995,12.276448488235474
34.56111111111111,0.016666666666666666,0.006629545510397285,0.026275183866155426,3.9897186173594408,0.10382113986545138,0.06285366482204861,2.062942162246102,3.563466134098913,10.360385740839881,0.03579611017101095,0.17166966730181824,0.4004951342204799,0.3820610332509296,0.030517578125018454,0.03710625243292713,0.7552448221882697,0.10537544095883802,0.0,0.6963040170789306,0.013994419166355548,275.5,128,1,30.0,0.91552734375,500.0,0.1,0.06666666666666667,30.0,0.91552734375,365,185-365,G,cold,500.00000000038483,11.0378737449646
